index,tx_timestamp_ms,rx_timestamp_ms,delay_ms,tx_x,tx_y,tx_z,rx_x,rx_y,rx_z
1,21571.9,22135.1,563.158,-0.0196795,-0.00220095,-0.0154085,-0.0256383,-0.000784747,-0.0159988
2,21572.9,22136.1,563.158,-0.0196795,-0.00220095,-0.0154085,-0.0256383,-0.000784747,-0.0159988
3,21573.9,22137.1,563.158,-0.0196795,-0.00220095,-0.0154085,-0.0256383,-0.000784747,-0.0159988
4,21574.9,22138.1,563.158,-0.0196795,-0.00220095,-0.0154085,-0.0256383,-0.000784747,-0.0159988
5,21576.2,22139.1,562.881,-0.0196795,-0.00220095,-0.0154085,-0.0256383,-0.000784747,-0.0159988
6,21577.2,22140.1,562.881,-0.0196795,-0.00220095,-0.0154085,-0.0256383,-0.000784747,-0.0159988
7,21578.2,22141.1,562.876,-0.0196795,-0.00220095,-0.0154085,-0.0256383,-0.000784747,-0.0159988
8,21579.3,22142.1,562.834,-0.0196795,-0.00220095,-0.0154085,-0.0256383,-0.000784747,-0.0159988
9,21580.3,22143.1,562.834,-0.0196795,-0.00220095,-0.0154085,-0.0256383,-0.000784747,-0.0159988
10,21581.3,22144.1,562.834,-0.0196795,-0.00220095,-0.0154085,-0.0256383,-0.000784747,-0.0159988
11,21582.3,22145.1,562.834,-0.0196795,-0.00220095,-0.0154085,-0.0256383,-0.000784747,-0.0159988
12,21583.3,22146.1,562.833,-0.0196795,-0.00220095,-0.0154085,-0.0256383,-0.000784747,-0.0159988
13,21584.3,22147.1,562.834,-0.0196795,-0.00220095,-0.0154085,-0.0256383,-0.000784747,-0.0159988
14,21585.3,22148.1,562.835,-0.0196795,-0.00220095,-0.0154085,-0.0256383,-0.000784747,-0.0159988
15,21586.3,22149.1,562.849,-0.0196795,-0.00220095,-0.0154085,-0.0256383,-0.000784747,-0.0159988
16,21587.3,22150.1,562.85,-0.0196795,-0.00220095,-0.0154085,-0.0256383,-0.000784747,-0.0159988
17,21588.3,22151.1,562.85,-0.0196795,-0.00220095,-0.0154085,-0.0256383,-0.000784747,-0.0159988
18,21589.3,22152.1,562.851,-0.0196795,-0.00220095,-0.0154085,-0.0256383,-0.000784747,-0.0159988
19,21590.3,22153.1,562.85,-0.0196795,-0.00220095,-0.0154085,-0.0256383,-0.000784747,-0.0159988
20,21591.3,22154.1,562.85,-0.0196795,-0.00220095,-0.0154085,-0.0256383,-0.000784747,-0.0159988
21,21592.3,22155.1,562.85,-0.0196795,-0.00220095,-0.0154085,-0.0256383,-0.000784747,-0.0159988
22,21593.3,22156.1,562.85,-0.0196795,-0.00220095,-0.0154085,-0.0256383,-0.000784747,-0.0159988
23,21594.3,22157.1,562.85,-0.0196795,-0.00220095,-0.0154085,-0.0256383,-0.000784747,-0.0159988
24,21595.3,22158.1,562.85,-0.0196795,-0.00220095,-0.0154085,-0.0256383,-0.000784747,-0.0159988
25,21596.3,22159.1,562.85,-0.0196795,-0.00220095,-0.0154085,-0.0256383,-0.000784747,-0.0159988
26,21597.3,22160.1,562.85,-0.0196795,-0.00220095,-0.0154085,-0.0256383,-0.000784747,-0.0159988
27,21598.3,22161.1,562.85,-0.0196795,-0.00220095,-0.0154085,-0.0256383,-0.000784747,-0.0159988
28,21599.3,22162.1,562.849,-0.0196795,-0.00220095,-0.0154085,-0.0256383,-0.000784747,-0.0159988
29,21600.3,22163.1,562.802,-0.0196795,-0.00220095,-0.0154085,-0.0256383,-0.000784747,-0.0159988
30,21601.3,22164.1,562.802,-0.0196795,-0.00220095,-0.0154085,-0.0256383,-0.000784747,-0.0159988
31,21602.3,22165.1,562.806,-0.0196795,-0.00220095,-0.0154085,-0.0256383,-0.000784747,-0.0159988
32,21603.3,22166.1,562.806,-0.0196795,-0.00220095,-0.0154085,-0.0256383,-0.000784747,-0.0159988
33,21604.3,22167.1,562.809,-0.0196795,-0.00220095,-0.0154085,-0.0256383,-0.000784747,-0.0159988
34,21605.3,22168.1,562.809,-0.0196795,-0.00220095,-0.0154085,-0.0256383,-0.000784747,-0.0159988
35,21606.3,22169.1,562.809,-0.0196795,-0.00220095,-0.0154085,-0.0256383,-0.000784747,-0.0159988
36,21607.3,22170.1,562.809,-0.0196795,-0.00220095,-0.0154085,-0.0256383,-0.000784747,-0.0159988
37,21608.3,22171.1,562.809,-0.0196795,-0.00220095,-0.0154085,-0.0256383,-0.000784747,-0.0159988
38,21609.3,22172.1,562.809,-0.0196795,-0.00220095,-0.0154085,-0.0256383,-0.000784747,-0.0159988
39,21610.3,22173.1,562.808,-0.0196795,-0.00220095,-0.0154085,-0.0256383,-0.000784747,-0.0159988
40,21611.3,22174.1,562.808,-0.0196795,-0.00220095,-0.0154085,-0.0256383,-0.000784747,-0.0159988
41,21612.3,22175.1,562.809,-0.0196795,-0.00220095,-0.0154085,-0.0256383,-0.000784747,-0.0159988
42,21613.3,22176.1,562.807,-0.0196795,-0.00220095,-0.0154085,-0.0256383,-0.000784747,-0.0159988
43,21614.3,22177.1,562.807,-0.0196795,-0.00220095,-0.0154085,-0.0256383,-0.000784747,-0.0159988
44,21615.3,22178.1,562.807,-0.0196795,-0.00220095,-0.0154085,-0.0256383,-0.000784747,-0.0159988
45,21616.3,22179.1,562.807,-0.0196795,-0.00220095,-0.0154085,-0.0256383,-0.000784747,-0.0159988
46,21617.3,22180.1,562.806,-0.0196795,-0.00220095,-0.0154085,-0.0256383,-0.000784747,-0.0159988
47,21618.3,22181.1,562.806,-0.0196795,-0.00220095,-0.0154085,-0.0256383,-0.000784747,-0.0159988
48,21619.3,22182.1,562.809,-0.0196795,-0.00220095,-0.0154085,-0.0256383,-0.000784747,-0.0159988
49,21620.3,22183.1,562.808,-0.0196795,-0.00220095,-0.0154085,-0.0256383,-0.000784747,-0.0159988
50,21621.3,22184.1,562.809,-0.0196795,-0.00220095,-0.0154085,-0.0256383,-0.000784747,-0.0159988
51,21622.3,22185.1,562.829,-0.0196795,-0.00220095,-0.0154085,-0.0256383,-0.000784747,-0.0159988
52,21623.3,22186.1,562.833,-0.0196795,-0.00220095,-0.0154085,-0.0256383,-0.000784747,-0.0159988
53,21624.3,22187.1,562.828,-0.0196795,-0.00220095,-0.0154085,-0.0256383,-0.000784747,-0.0159988
54,21625.3,22188.1,562.828,-0.0196795,-0.00220095,-0.0154085,-0.0256383,-0.000784747,-0.0159988
55,21626.3,22189.1,562.828,-0.0196795,-0.00220095,-0.0154085,-0.0256383,-0.000784747,-0.0159988
56,21627.3,22190.1,562.828,-0.0196795,-0.00220095,-0.0154085,-0.0256383,-0.000784747,-0.0159988
57,21628.3,22191.1,562.828,-0.0196795,-0.00220095,-0.0154085,-0.0256383,-0.000784747,-0.0159988
58,21629.3,22192.1,562.828,-0.0196795,-0.00220095,-0.0154085,-0.0256383,-0.000784747,-0.0159988
59,21630.3,22193.1,562.828,-0.0196795,-0.00220095,-0.0154085,-0.0256383,-0.000784747,-0.0159988
60,21631.3,22194.1,562.825,-0.0196795,-0.00220095,-0.0154085,-0.0256383,-0.000784747,-0.0159988
61,21632.3,22195.1,562.825,-0.0196795,-0.00220095,-0.0154085,-0.0256383,-0.000784747,-0.0159988
62,21633.3,22196.1,562.824,-0.0196795,-0.00220095,-0.0154085,-0.0256383,-0.000784747,-0.0159988
63,21634.3,22197.1,562.825,-0.0196795,-0.00220095,-0.0154085,-0.0256383,-0.000784747,-0.0159988
64,21635.3,22198.2,562.867,-0.0196795,-0.00220095,-0.0154085,-0.0256383,-0.000784747,-0.0159988
65,21636.3,22199.2,562.867,-0.0196795,-0.00220095,-0.0154085,-0.0256383,-0.000784747,-0.0159988
66,21637.3,22200.2,562.867,-0.0196795,-0.00220095,-0.0154085,-0.0256383,-0.000784747,-0.0159988
67,21638.3,22201.2,562.875,-0.0196795,-0.00220095,-0.0154085,-0.0256383,-0.000784747,-0.0159988
68,21639.3,22202.2,562.872,-0.0196795,-0.00220095,-0.0154085,-0.0256383,-0.000784747,-0.0159988
69,21640.3,22203.2,562.872,-0.0196795,-0.00220095,-0.0154085,-0.0256383,-0.000784747,-0.0159988
70,21641.3,22204.2,562.872,-0.0196795,-0.00220095,-0.0154085,-0.0256383,-0.000784747,-0.0159988
71,21642.3,22205.2,562.872,-0.0196795,-0.00220095,-0.0154085,-0.0256383,-0.000784747,-0.0159988
72,21643.3,22206.2,562.872,-0.0196795,-0.00220095,-0.0154085,-0.0256383,-0.000784747,-0.0159988
73,21644.3,22207.2,562.872,-0.0196795,-0.00220095,-0.0154085,-0.0256383,-0.000784747,-0.0159988
74,21645.3,22208.2,562.872,-0.0196795,-0.00220095,-0.0154085,-0.0256383,-0.000784747,-0.0159988
75,21646.3,22209.2,562.871,-0.0196795,-0.00220095,-0.0154085,-0.0256383,-0.000784747,-0.0159988
76,21647.3,22210.2,562.869,-0.0196795,-0.00220095,-0.0154085,-0.0256383,-0.000784747,-0.0159988
77,21648.3,22211.2,562.869,-0.0196795,-0.00220095,-0.0154085,-0.0256383,-0.000784747,-0.0159988
78,21649.3,22212.2,562.868,-0.0196795,-0.00220095,-0.0154085,-0.0256383,-0.000784747,-0.0159988
79,21650.3,22213.2,562.868,-0.0196795,-0.00220095,-0.0154085,-0.0256383,-0.000784747,-0.0159988
80,21651.7,22214.2,562.471,-0.0196795,-0.00220095,-0.0154085,-0.0256383,-0.000784747,-0.0159988
81,21652.7,22215.2,562.47,-0.0196795,-0.00220095,-0.0154085,-0.0256383,-0.000784747,-0.0159988
82,21653.7,22216.2,562.47,-0.0196795,-0.00220095,-0.0154085,-0.0256383,-0.000784747,-0.0159988
83,21654.7,22217.2,562.476,-0.0196795,-0.00220095,-0.0154085,-0.0256383,-0.000784747,-0.0159988
84,21655.7,22218.2,562.476,-0.0196795,-0.00220095,-0.0154085,-0.0256383,-0.000784747,-0.0159988
85,21656.7,22219.2,562.475,-0.0196795,-0.00220095,-0.0154085,-0.0256383,-0.000784747,-0.0159988
86,21657.7,22220.2,562.475,-0.0196795,-0.00220095,-0.0154085,-0.0256383,-0.000784747,-0.0159988
87,21658.7,22221.2,562.474,-0.0196795,-0.00220095,-0.0154085,-0.0256383,-0.000784747,-0.0159988
88,21659.7,22222.2,562.475,-0.0196795,-0.00220095,-0.0154085,-0.0256383,-0.000784747,-0.0159988
89,21660.7,22223.2,562.475,-0.0196795,-0.00220095,-0.0154085,-0.0256383,-0.000784747,-0.0159988
90,21661.7,22224.2,562.475,-0.0196795,-0.00220095,-0.0154085,-0.0256383,-0.000784747,-0.0159988
91,21662.7,22225.2,562.475,-0.0196795,-0.00220095,-0.0154085,-0.0256383,-0.000784747,-0.0159988
92,21663.7,22226.2,562.474,-0.0196795,-0.00220095,-0.0154085,-0.0256383,-0.000784747,-0.0159988
93,21664.7,22227.2,562.471,-0.0196795,-0.00220095,-0.0154085,-0.0256383,-0.000784747,-0.0159988
94,21665.7,22228.2,562.473,-0.0196795,-0.00220095,-0.0154085,-0.0256383,-0.000784747,-0.0159988
95,21666.7,22229.2,562.47,-0.0196795,-0.00220095,-0.0154085,-0.0256383,-0.000784747,-0.0159988
96,21667.7,22230.2,562.471,-0.0196795,-0.00220095,-0.0154085,-0.0256383,-0.000784747,-0.0159988
97,21668.7,22231.2,562.471,-0.0196795,-0.00220095,-0.0154085,-0.0256383,-0.000784747,-0.0159988
98,21669.7,22232.2,562.472,-0.0196795,-0.00220095,-0.0154085,-0.0256383,-0.000784747,-0.0159988
99,21670.7,22233.2,562.472,-0.0196795,-0.00220095,-0.0154085,-0.0256383,-0.000784747,-0.0159988
100,21671.7,22234.2,562.473,-0.0196795,-0.00220095,-0.0154085,-0.0256383,-0.000784747,-0.0159988
101,21672.7,22235.2,562.473,-0.0196795,-0.00220095,-0.0154085,-0.0256383,-0.000784747,-0.0159988
102,21673.7,22236.2,562.473,-0.0196795,-0.00220095,-0.0154085,-0.0256383,-0.000784747,-0.0159988
103,21674.7,22237.2,562.473,-0.0196795,-0.00220095,-0.0154085,-0.0256383,-0.000784747,-0.0159988
104,21675.7,22238.2,562.473,-0.0196795,-0.00220095,-0.0154085,-0.0256383,-0.000784747,-0.0159988
105,21676.7,22239.2,562.473,-0.0196795,-0.00220095,-0.0154085,-0.0256383,-0.000784747,-0.0159988
106,21677.7,22240.2,562.473,-0.0196795,-0.00220095,-0.0154085,-0.0256383,-0.000784747,-0.0159988
107,21678.7,22241.2,562.473,-0.0196795,-0.00220095,-0.0154085,-0.0256383,-0.000784747,-0.0159988
108,21679.7,22242.2,562.473,-0.0196795,-0.00220095,-0.0154085,-0.0256383,-0.000784747,-0.0159988
109,21680.7,22243.2,562.473,-0.0196795,-0.00220095,-0.0154085,-0.0256383,-0.000784747,-0.0159988
110,21681.7,22244.2,562.473,-0.0196795,-0.00220095,-0.0154085,-0.0256383,-0.000784747,-0.0159988
111,21682.7,22245.2,562.473,-0.0196795,-0.00220095,-0.0154085,-0.0256383,-0.000784747,-0.0159988
112,21683.9,22246.2,562.321,-0.0196795,-0.00220095,-0.0154085,-0.0256383,-0.000784747,-0.0159988
113,21684.9,22247.2,562.322,-0.0196795,-0.00220095,-0.0154085,-0.0256383,-0.000784747,-0.0159988
114,21685.9,22248.2,562.322,-0.0196795,-0.00220095,-0.0154085,-0.0256383,-0.000784747,-0.0159988
115,21686.9,22249.2,562.325,-0.0196795,-0.00220095,-0.0154085,-0.0256383,-0.000784747,-0.0159988
116,21687.9,22250.2,562.324,-0.0196795,-0.00220095,-0.0154085,-0.0256383,-0.000784747,-0.0159988
117,21688.9,22251.2,562.323,-0.0196795,-0.00220095,-0.0154085,-0.0256383,-0.000784747,-0.0159988
118,21689.9,22252.2,562.323,-0.0196795,-0.00220095,-0.0154085,-0.0256383,-0.000784747,-0.0159988
119,21690.9,22253.2,562.323,-0.0196795,-0.00220095,-0.0154085,-0.0256383,-0.000784747,-0.0159988
120,21691.9,22254.2,562.323,-0.0196795,-0.00220095,-0.0154085,-0.0256383,-0.000784747,-0.0159988
121,21692.9,22255.2,562.323,-0.0196795,-0.00220095,-0.0154085,-0.0256383,-0.000784747,-0.0159988
122,21693.9,22256.2,562.323,-0.0196795,-0.00220095,-0.0154085,-0.0256383,-0.000784747,-0.0159988
123,21694.9,22257.2,562.323,-0.0196795,-0.00220095,-0.0154085,-0.0256383,-0.000784747,-0.0159988
124,21695.9,22258.2,562.323,-0.0196795,-0.00220095,-0.0154085,-0.0256383,-0.000784747,-0.0159988
125,21696.9,22259.2,562.323,-0.0196795,-0.00220095,-0.0154085,-0.0256383,-0.000784747,-0.0159988
126,21697.9,22260.2,562.322,-0.0196795,-0.00220095,-0.0154085,-0.0256383,-0.000784747,-0.0159988
127,21698.9,22261.2,562.322,-0.0196795,-0.00220095,-0.0154085,-0.0256383,-0.000784747,-0.0159988
128,21699.9,22262.2,562.29,-0.0196795,-0.00220095,-0.0154085,-0.0256383,-0.000784747,-0.0159988
129,21700.9,22263.2,562.293,-0.0196795,-0.00220095,-0.0154085,-0.0256383,-0.000784747,-0.0159988
130,21701.9,22264.2,562.293,-0.0196795,-0.00220095,-0.0154085,-0.0256383,-0.000784747,-0.0159988
131,21702.9,22265.2,562.293,-0.0196795,-0.00220095,-0.0154085,-0.0256383,-0.000784747,-0.0159988
132,21703.9,22266.6,562.684,-0.0196795,-0.00220095,-0.0154085,-0.0256383,-0.000784747,-0.0159988
133,21704.9,22267.6,562.686,-0.0196795,-0.00220095,-0.0154085,-0.0256383,-0.000784747,-0.0159988
134,21705.9,22268.8,562.856,-0.0196795,-0.00220095,-0.0154085,-0.0256383,-0.000784747,-0.0159988
135,21706.9,22269.8,562.856,-0.0196795,-0.00220095,-0.0154085,-0.0256383,-0.000784747,-0.0159988
136,21707.9,22270.8,562.856,-0.0196795,-0.00220095,-0.0154085,-0.0256383,-0.000784747,-0.0159988
137,21708.9,22271.8,562.857,-0.0196795,-0.00220095,-0.0154085,-0.0256383,-0.000784747,-0.0159988
138,21709.9,22272.8,562.857,-0.0196795,-0.00220095,-0.0154085,-0.0256383,-0.000784747,-0.0159988
139,21710.9,22273.8,562.857,-0.0196795,-0.00220095,-0.0154085,-0.0256383,-0.000784747,-0.0159988
140,21711.9,22274.8,562.857,-0.0196795,-0.00220095,-0.0154085,-0.0256383,-0.000784747,-0.0159988
141,21712.9,22275.8,562.858,-0.0196795,-0.00220095,-0.0154085,-0.0256383,-0.000784747,-0.0159988
142,21713.9,22276.8,562.856,-0.0196795,-0.00220095,-0.0154085,-0.0256383,-0.000784747,-0.0159988
143,21714.9,22277.8,562.855,-0.0196795,-0.00220095,-0.0154085,-0.0256383,-0.000784747,-0.0159988
144,21715.9,22278.8,562.851,-0.0196795,-0.00220095,-0.0154085,-0.0256383,-0.000784747,-0.0159988
145,21716.9,22279.8,562.853,-0.0196795,-0.00220095,-0.0154085,-0.0256383,-0.000784747,-0.0159988
146,21717.9,22280.8,562.853,-0.0196795,-0.00220095,-0.0154085,-0.0256383,-0.000784747,-0.0159988
147,21718.9,22281.8,562.853,-0.0196795,-0.00220095,-0.0154085,-0.0256383,-0.000784747,-0.0159988
148,21719.9,22282.8,562.853,-0.0196795,-0.00220095,-0.0154085,-0.0256383,-0.000784747,-0.0159988
149,21720.9,22283.8,562.854,-0.0196795,-0.00220095,-0.0154085,-0.0256383,-0.000784747,-0.0159988
150,21721.9,22284.8,562.854,-0.0196795,-0.00220095,-0.0154085,-0.0256383,-0.000784747,-0.0159988
151,21722.9,22285.8,562.853,-0.0196795,-0.00220095,-0.0154085,-0.0256383,-0.000784747,-0.0159988
152,21723.9,22286.8,562.853,-0.0196795,-0.00220095,-0.0154085,-0.0256383,-0.000784747,-0.0159988
153,21724.9,22287.8,562.853,-0.0196795,-0.00220095,-0.0154085,-0.0256383,-0.000784747,-0.0159988
154,21725.9,22288.8,562.853,-0.0196795,-0.00220095,-0.0154085,-0.0256383,-0.000784747,-0.0159988
155,21726.9,22289.8,562.853,-0.0196795,-0.00220095,-0.0154085,-0.0256383,-0.000784747,-0.0159988
156,21727.9,22290.8,562.853,-0.0196795,-0.00220095,-0.0154085,-0.0256383,-0.000784747,-0.0159988
157,21728.9,22291.8,562.853,-0.0196795,-0.00220095,-0.0154085,-0.0256383,-0.000784747,-0.0159988
158,21729.9,22292.8,562.852,-0.0196795,-0.00220095,-0.0154085,-0.0256383,-0.000784747,-0.0159988
159,21730.9,22293.8,562.852,-0.0196795,-0.00220095,-0.0154085,-0.0256383,-0.000784747,-0.0159988
160,21731.9,22294.8,562.852,-0.0196795,-0.00220095,-0.0154085,-0.0256383,-0.000784747,-0.0159988
161,21732.9,22295.8,562.851,-0.0196795,-0.00220095,-0.0154085,-0.0256383,-0.000784747,-0.0159988
162,21733.9,22296.8,562.852,-0.0196795,-0.00220095,-0.0154085,-0.0256383,-0.000784747,-0.0159988
163,21734.9,22297.8,562.852,-0.0196795,-0.00220095,-0.0154085,-0.0256383,-0.000784747,-0.0159988
164,21735.9,22298.8,562.868,-0.0196795,-0.00220095,-0.0154085,-0.0256383,-0.000784747,-0.0159988
165,21736.9,22299.8,562.868,-0.0196795,-0.00220095,-0.0154085,-0.0256383,-0.000784747,-0.0159988
166,21737.9,22300.8,562.869,-0.0196795,-0.00220095,-0.0154085,-0.0256383,-0.000784747,-0.0159988
167,21738.9,22301.8,562.868,-0.0196795,-0.00220095,-0.0154085,-0.0256383,-0.000784747,-0.0159988
168,21739.9,22302.8,562.868,-0.0196795,-0.00220095,-0.0154085,-0.0256383,-0.000784747,-0.0159988
169,21740.9,22303.8,562.868,-0.0196795,-0.00220095,-0.0154085,-0.0256383,-0.000784747,-0.0159988
170,21741.9,22304.8,562.868,-0.0196795,-0.00220095,-0.0154085,-0.0256383,-0.000784747,-0.0159988
171,21742.9,22305.8,562.868,-0.0196795,-0.00220095,-0.0154085,-0.0256383,-0.000784747,-0.0159988
172,21743.9,22306.8,562.868,-0.0196795,-0.00220095,-0.0154085,-0.0256383,-0.000784747,-0.0159988
173,21744.9,22307.8,562.868,-0.0196795,-0.00220095,-0.0154085,-0.0256383,-0.000784747,-0.0159988
174,21745.9,22308.8,562.868,-0.0196795,-0.00220095,-0.0154085,-0.0256383,-0.000784747,-0.0159988
175,21746.9,22309.8,562.868,-0.0196795,-0.00220095,-0.0154085,-0.0256383,-0.000784747,-0.0159988
176,21747.9,22310.8,562.868,-0.0196795,-0.00220095,-0.0154085,-0.0256383,-0.000784747,-0.0159988
177,21748.9,22311.8,562.868,-0.0196795,-0.00220095,-0.0154085,-0.0256383,-0.000784747,-0.0159988
178,21749.9,22312.8,562.866,-0.0196795,-0.00220095,-0.0154085,-0.0256383,-0.000784747,-0.0159988
179,21750.9,22313.8,562.867,-0.0196795,-0.00220095,-0.0154085,-0.0256383,-0.000784747,-0.0159988
180,21751.9,22314.8,562.867,-0.0196795,-0.00220095,-0.0154085,-0.0256383,-0.000784747,-0.0159988
181,21752.9,22315.8,562.868,-0.0196795,-0.00220095,-0.0154085,-0.0256383,-0.000784747,-0.0159988
182,21753.9,22316.8,562.868,-0.0196795,-0.00220095,-0.0154085,-0.0256383,-0.000784747,-0.0159988
183,21754.9,22317.8,562.868,-0.0196795,-0.00220095,-0.0154085,-0.0256383,-0.000784747,-0.0159988
184,21755.9,22318.8,562.868,-0.0196795,-0.00220095,-0.0154085,-0.0256383,-0.000784747,-0.0159988
185,21756.9,22319.8,562.868,-0.0196795,-0.00220095,-0.0154085,-0.0256383,-0.000784747,-0.0159988
186,21757.9,22320.8,562.868,-0.0196795,-0.00220095,-0.0154085,-0.0256383,-0.000784747,-0.0159988
187,21758.9,22321.8,562.868,-0.0196795,-0.00220095,-0.0154085,-0.0256383,-0.000784747,-0.0159988
188,21759.9,22322.8,562.868,-0.0196795,-0.00220095,-0.0154085,-0.0256383,-0.000784747,-0.0159988
189,21760.9,22323.8,562.868,-0.0196795,-0.00220095,-0.0154085,-0.0256383,-0.000784747,-0.0159988
190,21761.9,22324.8,562.868,-0.0196795,-0.00220095,-0.0154085,-0.0256383,-0.000784747,-0.0159988
191,21762.9,22325.8,562.866,-0.0196795,-0.00220095,-0.0154085,-0.0256383,-0.000784747,-0.0159988
192,21763.9,22326.8,562.865,-0.0196795,-0.00220095,-0.0154085,-0.0256383,-0.000784747,-0.0159988
193,21764.9,22327.8,562.861,-0.0196795,-0.00220095,-0.0154085,-0.0256383,-0.000784747,-0.0159988
194,21765.9,22328.8,562.862,-0.0196795,-0.00220095,-0.0154085,-0.0256383,-0.000784747,-0.0159988
195,21766.9,22329.8,562.86,-0.0196795,-0.00220095,-0.0154085,-0.0256383,-0.000784747,-0.0159988
196,21767.9,22330.8,562.863,-0.0196795,-0.00220095,-0.0154085,-0.0256383,-0.000784747,-0.0159988
197,21768.9,22331.8,562.863,-0.0196795,-0.00220095,-0.0154085,-0.0256383,-0.000784747,-0.0159988
198,21769.9,22332.8,562.863,-0.0196795,-0.00220095,-0.0154085,-0.0256383,-0.000784747,-0.0159988
199,21770.9,22333.8,562.864,-0.0196795,-0.00220095,-0.0154085,-0.0256383,-0.000784747,-0.0159988
200,21771.9,22334.8,562.864,-0.0196795,-0.00220095,-0.0154085,-0.0256383,-0.000784747,-0.0159988
201,21772.9,22335.8,562.864,-0.0196795,-0.00220095,-0.0154085,-0.0256383,-0.000784747,-0.0159988
202,21773.9,22336.8,562.864,-0.0196795,-0.00220095,-0.0154085,-0.0256383,-0.000784747,-0.0159988
203,21774.9,22337.8,562.864,-0.0196795,-0.00220095,-0.0154085,-0.0256383,-0.000784747,-0.0159988
204,21775.9,22338.8,562.864,-0.0196795,-0.00220095,-0.0154085,-0.0256383,-0.000784747,-0.0159988
205,21776.9,22339.8,562.864,-0.0196795,-0.00220095,-0.0154085,-0.0256383,-0.000784747,-0.0159988
206,21777.9,22340.8,562.867,-0.0197303,-0.0022002,-0.0154276,-0.0256383,-0.000784747,-0.0159988
207,21778.9,22341.8,562.867,-0.0197303,-0.0022002,-0.0154276,-0.0256383,-0.000784747,-0.0159988
208,21779.9,22342.8,562.867,-0.0197303,-0.0022002,-0.0154276,-0.0256383,-0.000784747,-0.0159988
209,21780.9,22343.8,562.866,-0.0197303,-0.0022002,-0.0154276,-0.0256383,-0.000784747,-0.0159988
210,21781.9,22344.8,562.864,-0.0197303,-0.0022002,-0.0154276,-0.0256383,-0.000784747,-0.0159988
211,21782.9,22345.8,562.862,-0.0197303,-0.0022002,-0.0154276,-0.0256383,-0.000784747,-0.0159988
212,21783.9,22346.8,562.864,-0.0197303,-0.0022002,-0.0154276,-0.0256383,-0.000784747,-0.0159988
213,21784.9,22347.8,562.864,-0.0197303,-0.0022002,-0.0154276,-0.0256383,-0.000784747,-0.0159988
214,21785.9,22348.8,562.864,-0.0197303,-0.0022002,-0.0154276,-0.0256383,-0.000784747,-0.0159988
215,21786.9,22349.8,562.867,-0.0197303,-0.0022002,-0.0154276,-0.0256383,-0.000784747,-0.0159988
216,21787.9,22350.8,562.893,-0.0197303,-0.0022002,-0.0154276,-0.0256383,-0.000784747,-0.0159988
217,21788.9,22351.8,562.893,-0.0197303,-0.0022002,-0.0154276,-0.0256383,-0.000784747,-0.0159988
218,21789.9,22352.8,562.893,-0.0197303,-0.0022002,-0.0154276,-0.0256383,-0.000784747,-0.0159988
219,21790.9,22353.8,562.893,-0.0197303,-0.0022002,-0.0154276,-0.0256383,-0.000784747,-0.0159988
220,21791.9,22354.8,562.893,-0.0197303,-0.0022002,-0.0154276,-0.0256383,-0.000784747,-0.0159988
221,21792.9,22355.8,562.893,-0.0197303,-0.0022002,-0.0154276,-0.0256383,-0.000784747,-0.0159988
222,21793.9,22356.8,562.893,-0.0197303,-0.0022002,-0.0154276,-0.0256383,-0.000784747,-0.0159988
223,21794.9,22357.8,562.893,-0.0197303,-0.0022002,-0.0154276,-0.0256383,-0.000784747,-0.0159988
224,21795.9,22358.8,562.892,-0.0197303,-0.0022002,-0.0154276,-0.0256383,-0.000784747,-0.0159988
225,21796.9,22359.8,562.89,-0.0197303,-0.0022002,-0.0154276,-0.0256383,-0.000784747,-0.0159988
226,21797.9,22360.8,562.889,-0.0197303,-0.0022002,-0.0154276,-0.0256383,-0.000784747,-0.0159988
227,21798.9,22361.8,562.888,-0.0197303,-0.0022002,-0.0154276,-0.0256383,-0.000784747,-0.0159988
228,21799.9,22362.8,562.888,-0.0197303,-0.0022002,-0.0154276,-0.0256383,-0.000784747,-0.0159988
229,21800.9,22363.8,562.888,-0.0197303,-0.0022002,-0.0154276,-0.0256383,-0.000784747,-0.0159988
230,21801.9,22364.8,562.888,-0.0197303,-0.0022002,-0.0154276,-0.0256383,-0.000784747,-0.0159988
231,21802.9,22365.8,562.888,-0.0197303,-0.0022002,-0.0154276,-0.0256383,-0.000784747,-0.0159988
232,21803.9,22366.8,562.888,-0.0197303,-0.0022002,-0.0154276,-0.0256383,-0.000784747,-0.0159988
233,21804.9,22367.8,562.889,-0.0197303,-0.0022002,-0.0154276,-0.0256383,-0.000784747,-0.0159988
234,21805.9,22368.8,562.889,-0.0197303,-0.0022002,-0.0154276,-0.0256383,-0.000784747,-0.0159988
235,21806.9,22369.8,562.889,-0.0197303,-0.0022002,-0.0154276,-0.0256383,-0.000784747,-0.0159988
236,21807.9,22370.8,562.889,-0.0197303,-0.0022002,-0.0154276,-0.0256383,-0.000784747,-0.0159988
237,21808.9,22371.8,562.889,-0.0197303,-0.0022002,-0.0154276,-0.0256383,-0.000784747,-0.0159988
238,21809.9,22372.8,562.889,-0.0197303,-0.0022002,-0.0154276,-0.0256383,-0.000784747,-0.0159988
239,21810.9,22373.8,562.889,-0.0197303,-0.0022002,-0.0154276,-0.0256383,-0.000784747,-0.0159988
240,21812,22374.8,562.889,-0.0197303,-0.0022002,-0.0154276,-0.0256383,-0.000784747,-0.0159988
241,21813,22375.8,562.889,-0.0197303,-0.0022002,-0.0154276,-0.0256383,-0.000784747,-0.0159988
242,21814,22376.8,562.888,-0.0197303,-0.0022002,-0.0154276,-0.0256383,-0.000784747,-0.0159988
243,21815,22377.8,562.888,-0.0197303,-0.0022002,-0.0154276,-0.0256383,-0.000784747,-0.0159988
244,21816,22378.8,562.888,-0.0197303,-0.0022002,-0.0154276,-0.0256383,-0.000784747,-0.0159988
245,21817,22379.8,562.887,-0.0197812,-0.00219945,-0.0154466,-0.0256383,-0.000784747,-0.0159988
246,21818,22380.8,562.89,-0.0197812,-0.00219945,-0.0154466,-0.0256383,-0.000784747,-0.0159988
247,21819,22381.8,562.89,-0.0197812,-0.00219945,-0.0154466,-0.0256383,-0.000784747,-0.0159988
248,21820,22382.8,562.89,-0.0197812,-0.00219945,-0.0154466,-0.0256383,-0.000784747,-0.0159988
249,21821,22383.8,562.891,-0.0197812,-0.00219945,-0.0154466,-0.0256383,-0.000784747,-0.0159988
250,21822,22384.8,562.89,-0.0197812,-0.00219945,-0.0154466,-0.0256383,-0.000784747,-0.0159988
251,21823,22385.8,562.89,-0.0197812,-0.00219945,-0.0154466,-0.0256383,-0.000784747,-0.0159988
252,21824,22386.8,562.89,-0.0197812,-0.00219945,-0.0154466,-0.0256383,-0.000784747,-0.0159988
253,21825,22387.8,562.89,-0.0197812,-0.00219945,-0.0154466,-0.0256383,-0.000784747,-0.0159988
254,21826,22388.8,562.891,-0.0197812,-0.00219945,-0.0154466,-0.0256383,-0.000784747,-0.0159988
255,21827,22389.8,562.891,-0.0197812,-0.00219945,-0.0154466,-0.0256383,-0.000784747,-0.0159988
256,21828,22390.8,562.891,-0.0197812,-0.00219945,-0.0154466,-0.0256383,-0.000784747,-0.0159988
257,21829,22391.8,562.891,-0.0197812,-0.00219945,-0.0154466,-0.0256383,-0.000784747,-0.0159988
258,21830,22392.8,562.889,-0.0197812,-0.00219945,-0.0154466,-0.0256383,-0.000784747,-0.0159988
259,21831,22393.8,562.795,-0.0197812,-0.00219945,-0.0154466,-0.0256383,-0.000784747,-0.0159988
260,21832,22394.8,562.795,-0.0198321,-0.00219869,-0.0154657,-0.0256383,-0.000784747,-0.0159988
261,21833.1,22395.8,562.794,-0.0198321,-0.00219869,-0.0154657,-0.0256383,-0.000784747,-0.0159988
262,21834.1,22396.8,562.794,-0.0198321,-0.00219869,-0.0154657,-0.0256383,-0.000784747,-0.0159988
263,21835.1,22397.8,562.794,-0.0198321,-0.00219869,-0.0154657,-0.0256383,-0.000784747,-0.0159988
264,21836.1,22398.8,562.795,-0.0198321,-0.00219869,-0.0154657,-0.0256383,-0.000784747,-0.0159988
265,21837.1,22399.8,562.795,-0.0198321,-0.00219869,-0.0154657,-0.0256383,-0.000784747,-0.0159988
266,21838.1,22400.8,562.795,-0.0198321,-0.00219869,-0.0154657,-0.0256383,-0.000784747,-0.0159988
267,21839.1,22401.8,562.795,-0.0198321,-0.00219869,-0.0154657,-0.0256383,-0.000784747,-0.0159988
268,21840.1,22402.8,562.795,-0.0198321,-0.00219869,-0.0154657,-0.0256383,-0.000784747,-0.0159988
269,21841.1,22403.8,562.795,-0.0198321,-0.00219869,-0.0154657,-0.0256383,-0.000784747,-0.0159988
270,21842.1,22404.8,562.795,-0.0198321,-0.00219869,-0.0154657,-0.0256383,-0.000784747,-0.0159988
271,21843.1,22405.8,562.796,-0.0198321,-0.00219869,-0.0154657,-0.0256383,-0.000784747,-0.0159988
272,21844.1,22406.8,562.796,-0.0198321,-0.00219869,-0.0154657,-0.0256383,-0.000784747,-0.0159988
273,21845.1,22407.8,562.796,-0.0198321,-0.00219869,-0.0154657,-0.0256383,-0.000784747,-0.0159988
274,21846.1,22408.8,562.796,-0.019883,-0.00219794,-0.0154847,-0.0256383,-0.000784747,-0.0159988
275,21847.1,22409.8,562.794,-0.019883,-0.00219794,-0.0154847,-0.0256383,-0.000784747,-0.0159988
276,21848.1,22410.8,562.793,-0.019883,-0.00219794,-0.0154847,-0.0256383,-0.000784747,-0.0159988
277,21849.1,22411.8,562.793,-0.019883,-0.00219794,-0.0154847,-0.0256383,-0.000784747,-0.0159988
278,21850.1,22412.8,562.792,-0.019883,-0.00219794,-0.0154847,-0.0256383,-0.000784747,-0.0159988
279,21851.1,22413.8,562.736,-0.019883,-0.00219794,-0.0154847,-0.0256383,-0.000784747,-0.0159988
280,21852.1,22415.2,563.132,-0.019883,-0.00219794,-0.0154847,-0.0256383,-0.000784747,-0.0159988
281,21853.1,22416.3,563.197,-0.019883,-0.00219794,-0.0154847,-0.0256383,-0.000784747,-0.0159988
282,21854.1,22417.3,563.197,-0.019883,-0.00219794,-0.0154847,-0.0256383,-0.000784747,-0.0159988
283,21855.1,22418.3,563.189,-0.019883,-0.00219794,-0.0154847,-0.0256383,-0.000784747,-0.0159988
284,21856.1,22419.3,563.188,-0.019883,-0.00219794,-0.0154847,-0.0256383,-0.000784747,-0.0159988
285,21857.1,22420.3,563.19,-0.019883,-0.00219794,-0.0154847,-0.0256383,-0.000784747,-0.0159988
286,21858.1,22421.3,563.189,-0.0199339,-0.00219719,-0.0155037,-0.0256383,-0.000784747,-0.0159988
287,21859.1,22422.3,563.189,-0.0199339,-0.00219719,-0.0155037,-0.0256383,-0.000784747,-0.0159988
288,21860.1,22423.3,563.189,-0.0199339,-0.00219719,-0.0155037,-0.0256383,-0.000784747,-0.0159988
289,21861.1,22424.3,563.189,-0.0199339,-0.00219719,-0.0155037,-0.0256383,-0.000784747,-0.0159988
290,21862.1,22425.3,563.188,-0.0199339,-0.00219719,-0.0155037,-0.0256383,-0.000784747,-0.0159988
291,21863.1,22426.3,563.188,-0.0199339,-0.00219719,-0.0155037,-0.0256383,-0.000784747,-0.0159988
292,21864.2,22427.3,563.128,-0.0199339,-0.00219719,-0.0155037,-0.0256383,-0.000784747,-0.0159988
293,21865.2,22428.3,563.129,-0.0199339,-0.00219719,-0.0155037,-0.0256383,-0.000784747,-0.0159988
294,21866.2,22429.3,563.129,-0.0199339,-0.00219719,-0.0155037,-0.0256383,-0.000784747,-0.0159988
295,21867.2,22430.3,563.129,-0.0199339,-0.00219719,-0.0155037,-0.0256383,-0.000784747,-0.0159988
296,21868.2,22431.3,563.128,-0.0199339,-0.00219719,-0.0155037,-0.0256383,-0.000784747,-0.0159988
297,21869.2,22432.3,563.129,-0.0199848,-0.00219643,-0.0155227,-0.0256383,-0.000784747,-0.0159988
298,21870.2,22433.3,563.129,-0.0199848,-0.00219643,-0.0155227,-0.0256383,-0.000784747,-0.0159988
299,21871.2,22434.5,563.284,-0.0199848,-0.00219643,-0.0155227,-0.0256383,-0.000784747,-0.0159988
300,21872.2,22435.5,563.284,-0.0199848,-0.00219643,-0.0155227,-0.0256383,-0.000784747,-0.0159988
301,21873.2,22436.5,563.284,-0.0199848,-0.00219643,-0.0155227,-0.0256383,-0.000784747,-0.0159988
302,21874.2,22437.5,563.284,-0.0199848,-0.00219643,-0.0155227,-0.0256383,-0.000784747,-0.0159988
303,21875.2,22438.5,563.284,-0.0199848,-0.00219643,-0.0155227,-0.0256383,-0.000784747,-0.0159988
304,21876.2,22439.5,563.284,-0.0199848,-0.00219643,-0.0155227,-0.0256383,-0.000784747,-0.0159988
305,21877.2,22440.5,563.284,-0.0199848,-0.00219643,-0.0155227,-0.0256383,-0.000784747,-0.0159988
306,21878.2,22441.5,563.284,-0.0199848,-0.00219643,-0.0155227,-0.0256383,-0.000784747,-0.0159988
307,21879.2,22442.5,563.284,-0.0199848,-0.00219643,-0.0155227,-0.0256383,-0.000784747,-0.0159988
308,21880.2,22443.5,563.284,-0.0200357,-0.00219568,-0.0155416,-0.0256383,-0.000784747,-0.0159988
309,21881.2,22444.5,563.283,-0.0200357,-0.00219568,-0.0155416,-0.0256383,-0.000784747,-0.0159988
310,21882.2,22445.5,563.281,-0.0200357,-0.00219568,-0.0155416,-0.0256383,-0.000784747,-0.0159988
311,21883.2,22446.5,563.282,-0.0200357,-0.00219568,-0.0155416,-0.0256383,-0.000784747,-0.0159988
312,21884.2,22447.5,563.282,-0.0200357,-0.00219568,-0.0155416,-0.0256383,-0.000784747,-0.0159988
313,21885.2,22448.5,563.282,-0.0200357,-0.00219568,-0.0155416,-0.0256383,-0.000784747,-0.0159988
314,21886.2,22449.5,563.283,-0.0200357,-0.00219568,-0.0155416,-0.0256383,-0.000784747,-0.0159988
315,21887.2,22450.5,563.283,-0.0200357,-0.00219568,-0.0155416,-0.0256383,-0.000784747,-0.0159988
316,21888.2,22451.5,563.283,-0.0200357,-0.00219568,-0.0155416,-0.0256383,-0.000784747,-0.0159988
317,21889.2,22452.5,563.283,-0.0200357,-0.00219568,-0.0155416,-0.0256383,-0.000784747,-0.0159988
318,21890.2,22453.5,563.283,-0.0200867,-0.00219493,-0.0155606,-0.0256383,-0.000784747,-0.0159988
319,21891.2,22454.5,563.283,-0.0200867,-0.00219493,-0.0155606,-0.0256383,-0.000784747,-0.0159988
320,21892.2,22455.5,563.283,-0.0200867,-0.00219493,-0.0155606,-0.0256383,-0.000784747,-0.0159988
321,21893.2,22456.5,563.283,-0.0200867,-0.00219493,-0.0155606,-0.0256383,-0.000784747,-0.0159988
322,21894.2,22457.5,563.283,-0.0200867,-0.00219493,-0.0155606,-0.0256383,-0.000784747,-0.0159988
323,21895.2,22458.5,563.283,-0.0200867,-0.00219493,-0.0155606,-0.0256383,-0.000784747,-0.0159988
324,21896.2,22459.5,563.283,-0.0200867,-0.00219493,-0.0155606,-0.0256383,-0.000784747,-0.0159988
325,21897.2,22460.5,563.283,-0.0200867,-0.00219493,-0.0155606,-0.0256383,-0.000784747,-0.0159988
326,21898.2,22461.5,563.281,-0.0200867,-0.00219493,-0.0155606,-0.0256383,-0.000784747,-0.0159988
327,21899.2,22462.5,563.281,-0.0201376,-0.00219417,-0.0155795,-0.0256383,-0.000784747,-0.0159988
328,21900.2,22463.5,563.28,-0.0201376,-0.00219417,-0.0155795,-0.0256383,-0.000784747,-0.0159988
329,21901.2,22464.5,563.284,-0.0201376,-0.00219417,-0.0155795,-0.0256383,-0.000784747,-0.0159988
330,21902.2,22465.5,563.283,-0.0201376,-0.00219417,-0.0155795,-0.0256383,-0.000784747,-0.0159988
331,21903.2,22466.5,563.283,-0.0201376,-0.00219417,-0.0155795,-0.0256383,-0.000784747,-0.0159988
332,21904.2,22467.5,563.286,-0.0201376,-0.00219417,-0.0155795,-0.0256383,-0.000784747,-0.0159988
333,21905.2,22468.6,563.444,-0.0201376,-0.00219417,-0.0155795,-0.0256383,-0.000784747,-0.0159988
334,21906.2,22469.6,563.444,-0.0201885,-0.00219342,-0.0155984,-0.0256383,-0.000784747,-0.0159988
335,21907.2,22470.6,563.444,-0.0201885,-0.00219342,-0.0155984,-0.0256383,-0.000784747,-0.0159988
336,21908.2,22471.6,563.444,-0.0201885,-0.00219342,-0.0155984,-0.0256383,-0.000784747,-0.0159988
337,21909.2,22472.6,563.444,-0.0201885,-0.00219342,-0.0155984,-0.0256383,-0.000784747,-0.0159988
338,21910.2,22473.6,563.445,-0.0201885,-0.00219342,-0.0155984,-0.0256383,-0.000784747,-0.0159988
339,21911.2,22474.6,563.445,-0.0201885,-0.00219342,-0.0155984,-0.0256383,-0.000784747,-0.0159988
340,21912.2,22475.6,563.445,-0.0201885,-0.00219342,-0.0155984,-0.0256383,-0.000784747,-0.0159988
341,21913.2,22476.6,563.445,-0.0201885,-0.00219342,-0.0155984,-0.0256383,-0.000784747,-0.0159988
342,21914.2,22477.6,563.446,-0.0201885,-0.00219342,-0.0155984,-0.0256383,-0.000784747,-0.0159988
343,21915.2,22478.6,563.445,-0.0202395,-0.00219266,-0.0156172,-0.0256383,-0.000784747,-0.0159988
344,21916.2,22479.6,563.445,-0.0202395,-0.00219266,-0.0156172,-0.0256383,-0.000784747,-0.0159988
345,21917.2,22480.6,563.443,-0.0202395,-0.00219266,-0.0156172,-0.0256383,-0.000784747,-0.0159988
346,21918.2,22481.6,563.444,-0.0202395,-0.00219266,-0.0156172,-0.0256383,-0.000784747,-0.0159988
347,21919.2,22482.6,563.444,-0.0202395,-0.00219266,-0.0156172,-0.0256383,-0.000784747,-0.0159988
348,21920.2,22483.6,563.444,-0.0202395,-0.00219266,-0.0156172,-0.0256383,-0.000784747,-0.0159988
349,21921.2,22484.6,563.445,-0.0202395,-0.00219266,-0.0156172,-0.0256383,-0.000784747,-0.0159988
350,21922.2,22485.6,563.445,-0.0202395,-0.00219266,-0.0156172,-0.0256383,-0.000784747,-0.0159988
351,21923.2,22486.6,563.445,-0.0202395,-0.00219266,-0.0156172,-0.0256383,-0.000784747,-0.0159988
352,21924.2,22487.6,563.445,-0.0202395,-0.00219266,-0.0156172,-0.0256383,-0.000784747,-0.0159988
353,21925.2,22488.6,563.445,-0.0202904,-0.00219191,-0.0156361,-0.0256383,-0.000784747,-0.0159988
354,21926.2,22489.6,563.445,-0.0202904,-0.00219191,-0.0156361,-0.0256383,-0.000784747,-0.0159988
355,21927.2,22490.6,563.445,-0.0202904,-0.00219191,-0.0156361,-0.0256383,-0.000784747,-0.0159988
356,21928.2,22491.6,563.445,-0.0202904,-0.00219191,-0.0156361,-0.0256383,-0.000784747,-0.0159988
357,21929.2,22492.6,563.445,-0.0202904,-0.00219191,-0.0156361,-0.0256383,-0.000784747,-0.0159988
358,21930.2,22493.6,563.442,-0.0202904,-0.00219191,-0.0156361,-0.0256383,-0.000784747,-0.0159988
359,21931.2,22494.6,563.443,-0.0202904,-0.00219191,-0.0156361,-0.0256383,-0.000784747,-0.0159988
360,21932.2,22495.6,563.443,-0.0202904,-0.00219191,-0.0156361,-0.0256383,-0.000784747,-0.0159988
361,21933.2,22496.6,563.434,-0.0202904,-0.00219191,-0.0156361,-0.0256383,-0.000784747,-0.0159988
362,21934.2,22497.6,563.438,-0.0202904,-0.00219191,-0.0156361,-0.0256383,-0.000784747,-0.0159988
363,21935.2,22498.6,563.437,-0.0202904,-0.00219191,-0.0156361,-0.0256383,-0.000784747,-0.0159988
364,21936.2,22499.6,563.438,-0.0202904,-0.00219191,-0.0156361,-0.0256383,-0.000784747,-0.0159988
365,21937.2,22500.6,563.438,-0.0203414,-0.00219115,-0.0156549,-0.0256383,-0.000784747,-0.0159988
366,21938.2,22501.6,563.438,-0.0203414,-0.00219115,-0.0156549,-0.0256383,-0.000784747,-0.0159988
367,21939.2,22502.6,563.438,-0.0203414,-0.00219115,-0.0156549,-0.0256383,-0.000784747,-0.0159988
368,21940.2,22503.6,563.438,-0.0203414,-0.00219115,-0.0156549,-0.0256383,-0.000784747,-0.0159988
369,21941.2,22504.6,563.438,-0.0203414,-0.00219115,-0.0156549,-0.0256383,-0.000784747,-0.0159988
370,21942.2,22505.6,563.438,-0.0203414,-0.00219115,-0.0156549,-0.0256383,-0.000784747,-0.0159988
371,21943.2,22506.6,563.438,-0.0203414,-0.00219115,-0.0156549,-0.0256383,-0.000784747,-0.0159988
372,21944.2,22507.6,563.438,-0.0203414,-0.00219115,-0.0156549,-0.0256383,-0.000784747,-0.0159988
373,21945.2,22508.6,563.438,-0.0203414,-0.00219115,-0.0156549,-0.0256383,-0.000784747,-0.0159988
374,21946.2,22509.6,563.438,-0.0203414,-0.00219115,-0.0156549,-0.0256383,-0.000784747,-0.0159988
375,21947.2,22510.6,563.438,-0.0203414,-0.00219115,-0.0156549,-0.0256383,-0.000784747,-0.0159988
376,21948.2,22511.6,563.438,-0.0203414,-0.00219115,-0.0156549,-0.0256383,-0.000784747,-0.0159988
377,21949.2,22512.6,563.438,-0.0203414,-0.00219115,-0.0156549,-0.0256383,-0.000784747,-0.0159988
378,21950.2,22513.6,563.409,-0.0203414,-0.00219115,-0.0156549,-0.0256383,-0.000784747,-0.0159988
379,21951.2,22514.6,563.41,-0.0203414,-0.00219115,-0.0156549,-0.0256383,-0.000784747,-0.0159988
380,21952.2,22515.6,563.41,-0.0203414,-0.00219115,-0.0156549,-0.0256383,-0.000784747,-0.0159988
381,21953.2,22516.6,563.41,-0.0203414,-0.00219115,-0.0156549,-0.0256383,-0.000784747,-0.0159988
382,21954.2,22517.7,563.427,-0.0203414,-0.00219115,-0.0156549,-0.0256383,-0.000784747,-0.0159988
383,21955.2,22518.7,563.426,-0.0203414,-0.00219115,-0.0156549,-0.0256383,-0.000784747,-0.0159988
384,21956.2,22519.7,563.426,-0.0203414,-0.00219115,-0.0156549,-0.0256383,-0.000784747,-0.0159988
385,21957.2,22520.7,563.426,-0.0203414,-0.00219115,-0.0156549,-0.0256383,-0.000784747,-0.0159988
386,21958.2,22521.7,563.427,-0.0203414,-0.00219115,-0.0156549,-0.0256383,-0.000784747,-0.0159988
387,21959.2,22522.7,563.427,-0.0203414,-0.00219115,-0.0156549,-0.0256383,-0.000784747,-0.0159988
388,21960.2,22523.7,563.427,-0.0203924,-0.0021904,-0.0156737,-0.0256383,-0.000784747,-0.0159988
389,21961.2,22524.7,563.426,-0.0203924,-0.0021904,-0.0156737,-0.0256383,-0.000784747,-0.0159988
390,21962.2,22525.7,563.426,-0.0203924,-0.0021904,-0.0156737,-0.0256383,-0.000784747,-0.0159988
391,21963.2,22526.7,563.426,-0.0203924,-0.0021904,-0.0156737,-0.0256383,-0.000784747,-0.0159988
392,21964.3,22527.7,563.336,-0.0203924,-0.0021904,-0.0156737,-0.0256383,-0.000784747,-0.0159988
393,21965.3,22528.7,563.336,-0.0203924,-0.0021904,-0.0156737,-0.0256383,-0.000784747,-0.0159988
394,21966.3,22529.7,563.335,-0.0203924,-0.0021904,-0.0156737,-0.0256383,-0.000784747,-0.0159988
395,21967.3,22530.7,563.336,-0.0203924,-0.0021904,-0.0156737,-0.0256383,-0.000784747,-0.0159988
396,21968.3,22531.7,563.336,-0.0203924,-0.0021904,-0.0156737,-0.0256383,-0.000784747,-0.0159988
397,21969.3,22532.7,563.336,-0.0203924,-0.0021904,-0.0156737,-0.0256383,-0.000784747,-0.0159988
398,21970.3,22533.7,563.336,-0.0203924,-0.0021904,-0.0156737,-0.0256383,-0.000784747,-0.0159988
399,21971.3,22534.7,563.336,-0.0203924,-0.0021904,-0.0156737,-0.0256383,-0.000784747,-0.0159988
400,21972.3,22535.7,563.336,-0.0203924,-0.0021904,-0.0156737,-0.0256383,-0.000784747,-0.0159988
401,21973.3,22536.7,563.336,-0.0203924,-0.0021904,-0.0156737,-0.0256383,-0.000784747,-0.0159988
402,21974.3,22537.7,563.336,-0.0203924,-0.0021904,-0.0156737,-0.0256383,-0.000784747,-0.0159988
403,21975.3,22538.7,563.336,-0.0203924,-0.0021904,-0.0156737,-0.0256383,-0.000784747,-0.0159988
404,21976.3,22539.7,563.336,-0.0203924,-0.0021904,-0.0156737,-0.0256383,-0.000784747,-0.0159988
405,21977.3,22540.7,563.336,-0.0203924,-0.0021904,-0.0156737,-0.0256383,-0.000784747,-0.0159988
406,21978.3,22541.7,563.336,-0.0203924,-0.0021904,-0.0156737,-0.0256383,-0.000784747,-0.0159988
407,21979.3,22542.7,563.336,-0.0203924,-0.0021904,-0.0156737,-0.0256383,-0.000784747,-0.0159988
408,21980.3,22543.7,563.335,-0.0203924,-0.0021904,-0.0156737,-0.0256383,-0.000784747,-0.0159988
409,21981.3,22544.7,563.322,-0.0203924,-0.0021904,-0.0156737,-0.0256383,-0.000784747,-0.0159988
410,21982.3,22545.7,563.321,-0.0203924,-0.0021904,-0.0156737,-0.0256383,-0.000784747,-0.0159988
411,21983.3,22546.7,563.321,-0.0203924,-0.0021904,-0.0156737,-0.0256383,-0.000784747,-0.0159988
412,21984.3,22547.7,563.322,-0.0203924,-0.0021904,-0.0156737,-0.0256383,-0.000784747,-0.0159988
413,21985.3,22548.7,563.322,-0.0203924,-0.0021904,-0.0156737,-0.0256383,-0.000784747,-0.0159988
414,21986.3,22549.7,563.323,-0.0203924,-0.0021904,-0.0156737,-0.0256383,-0.000784747,-0.0159988
415,21987.3,22550.7,563.323,-0.0203924,-0.0021904,-0.0156737,-0.0256383,-0.000784747,-0.0159988
416,21988.3,22551.7,563.323,-0.0203924,-0.0021904,-0.0156737,-0.0256383,-0.000784747,-0.0159988
417,21989.3,22552.7,563.323,-0.0203924,-0.0021904,-0.0156737,-0.0256383,-0.000784747,-0.0159988
418,21990.3,22553.7,563.323,-0.0203924,-0.0021904,-0.0156737,-0.0256383,-0.000784747,-0.0159988
419,21991.3,22554.7,563.323,-0.0203924,-0.0021904,-0.0156737,-0.0256383,-0.000784747,-0.0159988
420,21992.3,22555.7,563.323,-0.0203924,-0.0021904,-0.0156737,-0.0256383,-0.000784747,-0.0159988
421,21993.3,22556.7,563.323,-0.0203924,-0.0021904,-0.0156737,-0.0256383,-0.000784747,-0.0159988
422,21994.4,22557.7,563.323,-0.0203924,-0.0021904,-0.0156737,-0.0256383,-0.000784747,-0.0159988
423,21995.4,22558.7,563.323,-0.0203924,-0.0021904,-0.0156737,-0.0256383,-0.000784747,-0.0159988
424,21996.4,22559.7,563.323,-0.0203924,-0.0021904,-0.0156737,-0.0256383,-0.000784747,-0.0159988
425,21997.4,22560.7,563.322,-0.0203924,-0.0021904,-0.0156737,-0.0256383,-0.000784747,-0.0159988
426,21998.4,22561.7,563.323,-0.0203915,-0.00212956,-0.0156737,-0.0256383,-0.000784747,-0.0159988
427,21999.4,22562.7,563.323,-0.0203915,-0.00212956,-0.0156737,-0.0256383,-0.000784747,-0.0159988
428,22000.4,22563.7,563.322,-0.0203915,-0.00212956,-0.0156737,-0.0256383,-0.000784747,-0.0159988
429,22001.4,22564.7,563.324,-0.0203915,-0.00212956,-0.0156737,-0.0256383,-0.000784747,-0.0159988
430,22002.4,22565.7,563.324,-0.0203915,-0.00212956,-0.0156737,-0.0256383,-0.000784747,-0.0159988
431,22003.4,22566.7,563.324,-0.0203915,-0.00212956,-0.0156737,-0.0256383,-0.000784747,-0.0159988
432,22004.4,22567.7,563.325,-0.0203915,-0.00212956,-0.0156737,-0.0256383,-0.000784747,-0.0159988
433,22005.4,22568.7,563.324,-0.0203915,-0.00212956,-0.0156737,-0.0256383,-0.000784747,-0.0159988
434,22006.4,22569.7,563.324,-0.0203915,-0.00212956,-0.0156737,-0.0256383,-0.000784747,-0.0159988
435,22007.4,22570.7,563.324,-0.0203915,-0.00212956,-0.0156737,-0.0256383,-0.000784747,-0.0159988
436,22008.4,22571.7,563.324,-0.0203915,-0.00212956,-0.0156737,-0.0256383,-0.000784747,-0.0159988
437,22009.4,22572.7,563.325,-0.0203915,-0.00212956,-0.0156737,-0.0256383,-0.000784747,-0.0159988
438,22010.4,22573.7,563.325,-0.0203915,-0.00212956,-0.0156737,-0.0256383,-0.000784747,-0.0159988
439,22011.4,22574.7,563.324,-0.0203915,-0.00212956,-0.0156737,-0.0256383,-0.000784747,-0.0159988
440,22012.4,22575.7,563.324,-0.0203915,-0.00212956,-0.0156737,-0.0256383,-0.000784747,-0.0159988
441,22013.4,22576.7,563.325,-0.0203915,-0.00212956,-0.0156737,-0.0256383,-0.000784747,-0.0159988
442,22014.5,22577.7,563.139,-0.0203915,-0.00212956,-0.0156737,-0.0256383,-0.000784747,-0.0159988
443,22015.5,22578.7,563.139,-0.0203915,-0.00212956,-0.0156737,-0.0256383,-0.000784747,-0.0159988
444,22016.5,22579.7,563.139,-0.0203915,-0.00212956,-0.0156737,-0.0256383,-0.000784747,-0.0159988
445,22017.5,22580.7,563.139,-0.0203915,-0.00212956,-0.0156737,-0.0256383,-0.000784747,-0.0159988
446,22018.5,22581.9,563.311,-0.0203915,-0.00212956,-0.0156737,-0.0256383,-0.000784747,-0.0159988
447,22019.5,22582.9,563.311,-0.0203915,-0.00212956,-0.0156737,-0.0256383,-0.000784747,-0.0159988
448,22020.5,22583.9,563.311,-0.0203915,-0.00212956,-0.0156737,-0.0256383,-0.000784747,-0.0159988
449,22021.5,22584.9,563.313,-0.0203915,-0.00212956,-0.0156737,-0.0256383,-0.000784747,-0.0159988
450,22022.5,22585.9,563.313,-0.0203915,-0.00212956,-0.0156737,-0.0256383,-0.000784747,-0.0159988
451,22023.5,22586.9,563.313,-0.0203915,-0.00212956,-0.0156737,-0.0256383,-0.000784747,-0.0159988
452,22024.5,22587.9,563.313,-0.0203915,-0.00212956,-0.0156737,-0.0256383,-0.000784747,-0.0159988
453,22025.5,22588.9,563.314,-0.0203915,-0.00212956,-0.0156737,-0.0256383,-0.000784747,-0.0159988
454,22026.5,22589.9,563.313,-0.0203915,-0.00212956,-0.0156737,-0.0256383,-0.000784747,-0.0159988
455,22027.5,22590.9,563.314,-0.0203915,-0.00212956,-0.0156737,-0.0256383,-0.000784747,-0.0159988
456,22028.5,22591.9,563.314,-0.0203915,-0.00212956,-0.0156737,-0.0256383,-0.000784747,-0.0159988
457,22029.5,22592.9,563.314,-0.0203915,-0.00212956,-0.0156737,-0.0256383,-0.000784747,-0.0159988
458,22030.6,22593.9,563.29,-0.0203915,-0.00212956,-0.0156737,-0.0256383,-0.000784747,-0.0159988
459,22031.6,22594.9,563.289,-0.0203915,-0.00212956,-0.0156737,-0.0256383,-0.000784747,-0.0159988
460,22032.6,22595.9,563.29,-0.0203915,-0.00212956,-0.0156737,-0.0256383,-0.000784747,-0.0159988
461,22033.6,22596.9,563.289,-0.0203915,-0.00212956,-0.0156737,-0.0256383,-0.000784747,-0.0159988
462,22034.6,22597.9,563.289,-0.0203915,-0.00212956,-0.0156737,-0.0256383,-0.000784747,-0.0159988
463,22035.6,22598.9,563.29,-0.0203915,-0.00212956,-0.0156737,-0.0256383,-0.000784747,-0.0159988
464,22036.6,22599.9,563.29,-0.0203915,-0.00212956,-0.0156737,-0.0256383,-0.000784747,-0.0159988
465,22037.6,22600.9,563.291,-0.0203915,-0.00212956,-0.0156737,-0.0256383,-0.000784747,-0.0159988
466,22038.6,22601.9,563.291,-0.0203915,-0.00212956,-0.0156737,-0.0256383,-0.000784747,-0.0159988
467,22039.6,22602.9,563.291,-0.0203915,-0.00212956,-0.0156737,-0.0256383,-0.000784747,-0.0159988
468,22040.6,22603.9,563.292,-0.0203915,-0.00212956,-0.0156737,-0.0256383,-0.000784747,-0.0159988
469,22041.6,22604.9,563.292,-0.0203915,-0.00212956,-0.0156737,-0.0256383,-0.000784747,-0.0159988
470,22042.6,22605.9,563.292,-0.0203915,-0.00212956,-0.0156737,-0.0256383,-0.000784747,-0.0159988
471,22043.6,22606.9,563.292,-0.0203915,-0.00212956,-0.0156737,-0.0256383,-0.000784747,-0.0159988
472,22044.6,22607.9,563.292,-0.0203915,-0.00212956,-0.0156737,-0.0256383,-0.000784747,-0.0159988
473,22045.6,22608.9,563.292,-0.0203915,-0.00212956,-0.0156737,-0.0256383,-0.000784747,-0.0159988
474,22046.6,22609.9,563.292,-0.0203915,-0.00212956,-0.0156737,-0.0256383,-0.000784747,-0.0159988
475,22047.6,22610.9,563.292,-0.0203915,-0.00212956,-0.0156737,-0.0256383,-0.000784747,-0.0159988
476,22048.6,22611.9,563.288,-0.0203915,-0.00212956,-0.0156737,-0.0256383,-0.000784747,-0.0159988
477,22049.6,22612.9,563.288,-0.0203915,-0.00212956,-0.0156737,-0.0256383,-0.000784747,-0.0159988
478,22050.6,22613.9,563.287,-0.0203915,-0.00212956,-0.0156737,-0.0256383,-0.000784747,-0.0159988
479,22051.6,22614.9,563.287,-0.0203915,-0.00212956,-0.0156737,-0.0256383,-0.000784747,-0.0159988
480,22052.6,22615.9,563.287,-0.0203915,-0.00212956,-0.0156737,-0.0256383,-0.000784747,-0.0159988
481,22053.6,22616.9,563.288,-0.0203915,-0.00212956,-0.0156737,-0.0256383,-0.000784747,-0.0159988
482,22054.6,22617.9,563.288,-0.0203915,-0.00212956,-0.0156737,-0.0256383,-0.000784747,-0.0159988
483,22055.6,22618.9,563.288,-0.0203915,-0.00212956,-0.0156737,-0.0256383,-0.000784747,-0.0159988
484,22056.6,22619.9,563.288,-0.0203915,-0.00212956,-0.0156737,-0.0256383,-0.000784747,-0.0159988
485,22057.6,22620.9,563.282,-0.0203915,-0.00212956,-0.0156737,-0.0256383,-0.000784747,-0.0159988
486,22058.6,22621.9,563.282,-0.0203915,-0.00212956,-0.0156737,-0.0256383,-0.000784747,-0.0159988
487,22059.6,22622.9,563.282,-0.0203915,-0.00212956,-0.0156737,-0.0256383,-0.000784747,-0.0159988
488,22060.6,22623.9,563.282,-0.0203915,-0.00212956,-0.0156737,-0.0256383,-0.000784747,-0.0159988
489,22061.6,22624.9,563.282,-0.0203915,-0.00212956,-0.0156737,-0.0256383,-0.000784747,-0.0159988
490,22062.6,22625.9,563.282,-0.0203915,-0.00212956,-0.0156737,-0.0256383,-0.000784747,-0.0159988
491,22063.6,22626.9,563.279,-0.0203915,-0.00212956,-0.0156737,-0.0256383,-0.000784747,-0.0159988
492,22064.6,22627.9,563.28,-0.0203915,-0.00212956,-0.0156737,-0.0256383,-0.000784747,-0.0159988
493,22065.6,22628.9,563.28,-0.0203915,-0.00212956,-0.0156737,-0.0256383,-0.000784747,-0.0159988
494,22066.6,22629.9,563.281,-0.0203915,-0.00212956,-0.0156737,-0.0256383,-0.000784747,-0.0159988
495,22067.6,22630.9,563.281,-0.0203915,-0.00212956,-0.0156737,-0.0256383,-0.000784747,-0.0159988
496,22068.6,22631.9,563.281,-0.0203915,-0.00212956,-0.0156737,-0.0256383,-0.000784747,-0.0159988
497,22069.6,22632.9,563.281,-0.0203915,-0.00212956,-0.0156737,-0.0256383,-0.000784747,-0.0159988
498,22070.6,22633.9,563.282,-0.0203915,-0.00212956,-0.0156737,-0.0256383,-0.000784747,-0.0159988
499,22071.6,22634.9,563.282,-0.0203915,-0.00212956,-0.0156737,-0.0256383,-0.000784747,-0.0159988
500,22072.6,22635.9,563.282,-0.0203915,-0.00212956,-0.0156737,-0.0256383,-0.000784747,-0.0159988
501,22073.6,22636.9,563.282,-0.0203915,-0.00212956,-0.0156737,-0.0256383,-0.000784747,-0.0159988
502,22074.6,22637.9,563.282,-0.0203915,-0.00212956,-0.0156737,-0.0256383,-0.000784747,-0.0159988
503,22075.6,22638.9,563.282,-0.0203915,-0.00212956,-0.0156737,-0.0256383,-0.000784747,-0.0159988
504,22076.6,22639.9,563.282,-0.0203915,-0.00212956,-0.0156737,-0.0256383,-0.000784747,-0.0159988
505,22077.6,22640.9,563.282,-0.0203915,-0.00212956,-0.0156737,-0.0256383,-0.000784747,-0.0159988
506,22078.6,22641.9,563.282,-0.0203915,-0.00212956,-0.0156737,-0.0256383,-0.000784747,-0.0159988
507,22079.6,22642.9,563.281,-0.0203915,-0.00212956,-0.0156737,-0.0256383,-0.000784747,-0.0159988
508,22080.6,22643.9,563.281,-0.0203915,-0.00212956,-0.0156737,-0.0256383,-0.000784747,-0.0159988
509,22082.1,22644.9,562.787,-0.0203915,-0.00212956,-0.0156737,-0.0256383,-0.000784747,-0.0159988
510,22083.1,22645.9,562.786,-0.0203915,-0.00212956,-0.0156737,-0.0256383,-0.000784747,-0.0159988
511,22084.1,22646.9,562.787,-0.0203915,-0.00212956,-0.0156737,-0.0256383,-0.000784747,-0.0159988
512,22085.1,22647.9,562.786,-0.0203915,-0.00212956,-0.0156737,-0.0256383,-0.000784747,-0.0159988
513,22086.1,22648.9,562.786,-0.0203915,-0.00212956,-0.0156737,-0.0256383,-0.000784747,-0.0159988
514,22087.1,22649.9,562.787,-0.0203924,-0.0021904,-0.0156737,-0.0256383,-0.000784747,-0.0159988
515,22088.1,22650.9,562.788,-0.0203924,-0.0021904,-0.0156737,-0.0256383,-0.000784747,-0.0159988
516,22089.1,22651.9,562.788,-0.0203924,-0.0021904,-0.0156737,-0.0256383,-0.000784747,-0.0159988
517,22090.1,22652.9,562.788,-0.0203924,-0.0021904,-0.0156737,-0.0256383,-0.000784747,-0.0159988
518,22091.1,22653.9,562.788,-0.0203924,-0.0021904,-0.0156737,-0.0256383,-0.000784747,-0.0159988
519,22092.1,22654.9,562.788,-0.0203924,-0.0021904,-0.0156737,-0.0256383,-0.000784747,-0.0159988
520,22093.1,22655.9,562.788,-0.0203573,-0.00219092,-0.0157153,-0.0256383,-0.000784747,-0.0159988
521,22094.1,22656.9,562.789,-0.0203573,-0.00219092,-0.0157153,-0.0256383,-0.000784747,-0.0159988
522,22095.1,22657.9,562.788,-0.0203573,-0.00219092,-0.0157153,-0.0256383,-0.000784747,-0.0159988
523,22096.1,22658.9,562.788,-0.0203573,-0.00219092,-0.0157153,-0.0256383,-0.000784747,-0.0159988
524,22097.1,22659.9,562.788,-0.0203573,-0.00219092,-0.0157153,-0.0256383,-0.000784747,-0.0159988
525,22098.1,22660.9,562.787,-0.0203573,-0.00219092,-0.0157153,-0.0256383,-0.000784747,-0.0159988
526,22099.1,22661.9,562.788,-0.0203573,-0.00219092,-0.0157153,-0.0256383,-0.000784747,-0.0159988
527,22100.1,22662.9,562.788,-0.0203573,-0.00219092,-0.0157153,-0.0256383,-0.000784747,-0.0159988
528,22101.1,22663.9,562.787,-0.0203573,-0.00219092,-0.0157153,-0.0256383,-0.000784747,-0.0159988
529,22102.1,22664.9,562.788,-0.0203573,-0.00219092,-0.0157153,-0.0256383,-0.000784747,-0.0159988
530,22103.1,22665.9,562.791,-0.0203573,-0.00219092,-0.0157153,-0.0256383,-0.000784747,-0.0159988
531,22104.1,22666.9,562.791,-0.0203573,-0.00219092,-0.0157153,-0.0256383,-0.000784747,-0.0159988
532,22105.1,22667.9,562.791,-0.0203573,-0.00219092,-0.0157153,-0.0256383,-0.000784747,-0.0159988
533,22106.1,22668.9,562.791,-0.0203573,-0.00219092,-0.0157153,-0.0256383,-0.000784747,-0.0159988
534,22107.1,22669.9,562.791,-0.0203573,-0.00219092,-0.0157153,-0.0256383,-0.000784747,-0.0159988
535,22108.1,22670.9,562.791,-0.0203573,-0.00219092,-0.0157153,-0.0256383,-0.000784747,-0.0159988
536,22109.1,22671.9,562.792,-0.0203573,-0.00219092,-0.0157153,-0.0256383,-0.000784747,-0.0159988
537,22110.1,22672.9,562.792,-0.0203573,-0.00219092,-0.0157153,-0.0256383,-0.000784747,-0.0159988
538,22111.1,22673.9,562.792,-0.0203573,-0.00219092,-0.0157153,-0.0256383,-0.000784747,-0.0159988
539,22112.1,22674.9,562.792,-0.0203573,-0.00219092,-0.0157153,-0.0256383,-0.000784747,-0.0159988
540,22113.1,22675.9,562.793,-0.0203573,-0.00219092,-0.0157153,-0.0256383,-0.000784747,-0.0159988
541,22114.1,22676.9,562.794,-0.0203573,-0.00219092,-0.0157153,-0.0256383,-0.000784747,-0.0159988
542,22115.1,22677.9,562.794,-0.0203582,-0.00225177,-0.0157153,-0.0256383,-0.000784747,-0.0159988
543,22116.1,22678.9,562.794,-0.0203582,-0.00225177,-0.0157153,-0.0256383,-0.000784747,-0.0159988
544,22117.1,22679.9,562.793,-0.0203582,-0.00225177,-0.0157153,-0.0256383,-0.000784747,-0.0159988
545,22118.1,22680.9,562.798,-0.0203582,-0.00225177,-0.0157153,-0.0256383,-0.000784747,-0.0159988
546,22119.1,22681.9,562.799,-0.0203582,-0.00225177,-0.0157153,-0.0256383,-0.000784747,-0.0159988
547,22120.1,22683.1,562.971,-0.0203582,-0.00225177,-0.0157153,-0.0256383,-0.000784747,-0.0159988
548,22121.1,22684.1,562.972,-0.0204092,-0.002251,-0.0157341,-0.0256383,-0.000784747,-0.0159988
549,22122.1,22685.1,562.972,-0.0204092,-0.002251,-0.0157341,-0.0256383,-0.000784747,-0.0159988
550,22123.1,22686.1,562.972,-0.0204092,-0.002251,-0.0157341,-0.0256383,-0.000784747,-0.0159988
551,22124.1,22687.2,563.143,-0.0204092,-0.002251,-0.0157341,-0.0256383,-0.000784747,-0.0159988
552,22125.1,22688.2,563.143,-0.0204101,-0.00231183,-0.0157341,-0.0256383,-0.000784747,-0.0159988
553,22126.1,22689.2,563.143,-0.0204101,-0.00231183,-0.0157341,-0.0256383,-0.000784747,-0.0159988
554,22127.1,22690.2,563.143,-0.0204101,-0.00231183,-0.0157341,-0.0256383,-0.000784747,-0.0159988
555,22128.1,22691.2,563.143,-0.0204101,-0.00231183,-0.0157341,-0.0256383,-0.000784747,-0.0159988
556,22129.1,22692.2,563.143,-0.0204101,-0.00231183,-0.0157341,-0.0256383,-0.000784747,-0.0159988
557,22130.1,22693.2,563.143,-0.0204101,-0.00231183,-0.0157341,-0.0256383,-0.000784747,-0.0159988
558,22131.1,22694.2,563.143,-0.0204101,-0.00231183,-0.0157341,-0.0256383,-0.000784747,-0.0159988
559,22132.1,22695.2,563.143,-0.0204111,-0.00237266,-0.0157341,-0.0256383,-0.000784747,-0.0159988
560,22133.1,22696.2,563.139,-0.0204111,-0.00237266,-0.0157341,-0.0256383,-0.000784747,-0.0159988
561,22134.1,22697.2,563.14,-0.0204111,-0.00237266,-0.0157341,-0.0256383,-0.000784747,-0.0159988
562,22135.1,22698.2,563.141,-0.0204111,-0.00237266,-0.0157341,-0.0256383,-0.000784747,-0.0159988
563,22136.1,22699.2,563.142,-0.020377,-0.00243407,-0.0157757,-0.0256383,-0.000784747,-0.0159988
564,22137.1,22700.2,563.143,-0.020377,-0.00243407,-0.0157757,-0.0256383,-0.000784747,-0.0159988
565,22138.1,22701.2,563.143,-0.020377,-0.00243407,-0.0157757,-0.0256383,-0.000784747,-0.0159988
566,22139.1,22702.2,563.143,-0.020377,-0.00243407,-0.0157757,-0.0256383,-0.000784747,-0.0159988
567,22140.1,22703.2,563.143,-0.020377,-0.00243407,-0.0157757,-0.0256383,-0.000784747,-0.0159988
568,22141.1,22704.2,563.143,-0.020378,-0.00249492,-0.0157757,-0.0256383,-0.000784747,-0.0159988
569,22142.1,22705.2,563.143,-0.020378,-0.00249492,-0.0157757,-0.0256383,-0.000784747,-0.0159988
570,22143.1,22706.2,563.143,-0.020378,-0.00249492,-0.0157757,-0.0256383,-0.000784747,-0.0159988
571,22144.1,22707.2,563.143,-0.020378,-0.00249492,-0.0157757,-0.0256383,-0.000784747,-0.0159988
572,22145.1,22708.2,563.143,-0.020379,-0.00255577,-0.0157757,-0.0256383,-0.000784747,-0.0159988
573,22146.1,22709.2,563.143,-0.020379,-0.00255577,-0.0157757,-0.0256383,-0.000784747,-0.0159988
574,22147.1,22710.2,563.143,-0.020379,-0.00255577,-0.0157757,-0.0256383,-0.000784747,-0.0159988
575,22148.1,22711.2,563.142,-0.020379,-0.00255577,-0.0157757,-0.0256383,-0.000784747,-0.0159988
576,22149.1,22712.2,563.129,-0.020345,-0.00261723,-0.0158172,-0.0256383,-0.000784747,-0.0159988
577,22150.1,22713.2,563.128,-0.020345,-0.00261723,-0.0158172,-0.0256383,-0.000784747,-0.0159988
578,22151.1,22714.2,563.127,-0.0203461,-0.00267809,-0.0158172,-0.0256383,-0.000784747,-0.0159988
579,22152.1,22715.2,563.127,-0.0203461,-0.00267809,-0.0158172,-0.0256383,-0.000784747,-0.0159988
580,22153.1,22716.2,563.128,-0.0203971,-0.00267717,-0.015836,-0.0256383,-0.000784747,-0.0159988
581,22154.1,22717.2,563.131,-0.0203971,-0.00267717,-0.015836,-0.0256383,-0.000784747,-0.0159988
582,22155.1,22718.2,563.129,-0.0203971,-0.00267717,-0.015836,-0.0256383,-0.000784747,-0.0159988
583,22156.1,22719.2,563.129,-0.0203982,-0.00273801,-0.015836,-0.0256383,-0.000784747,-0.0159988
584,22157.1,22720.2,563.129,-0.0203982,-0.00273801,-0.015836,-0.0256383,-0.000784747,-0.0159988
585,22158.1,22721.2,563.129,-0.0203993,-0.00279884,-0.015836,-0.0256383,-0.000784747,-0.0159988
586,22159.1,22722.2,563.129,-0.0203993,-0.00279884,-0.015836,-0.0256383,-0.000784747,-0.0159988
587,22160.1,22723.2,563.129,-0.0203654,-0.00286036,-0.0158776,-0.0256383,-0.000784747,-0.0159988
588,22161.1,22724.2,563.129,-0.0203654,-0.00286036,-0.0158776,-0.0256383,-0.000784747,-0.0159988
589,22162.1,22725.2,563.129,-0.0203666,-0.00292121,-0.0158776,-0.0256383,-0.000784747,-0.0159988
590,22163.1,22726.2,563.129,-0.0203666,-0.00292121,-0.0158776,-0.0256383,-0.000784747,-0.0159988
591,22164.1,22727.2,563.129,-0.0203678,-0.00298206,-0.0158776,-0.0256383,-0.000784747,-0.0159988
592,22165.1,22728.2,563.125,-0.0203678,-0.00298206,-0.0158776,-0.0256383,-0.000784747,-0.0159988
593,22166.1,22729.2,563.125,-0.0203678,-0.00298206,-0.0158776,-0.0256383,-0.000784747,-0.0159988
594,22167.1,22730.2,563.122,-0.0203691,-0.00304291,-0.0158776,-0.0256383,-0.000784747,-0.0159988
595,22168.1,22731.5,563.332,-0.020385,-0.00304258,-0.015938,-0.0256383,-0.000784747,-0.0159988
596,22169.1,22732.5,563.335,-0.0203863,-0.00310342,-0.015938,-0.0256383,-0.000784747,-0.0159988
597,22170.1,22733.5,563.335,-0.0203876,-0.00316427,-0.015938,-0.0256383,-0.000784747,-0.0159988
598,22171.1,22734.5,563.336,-0.0203876,-0.00316427,-0.015938,-0.0256383,-0.000784747,-0.0159988
599,22172.1,22735.5,563.336,-0.0203889,-0.00322511,-0.015938,-0.0256383,-0.000784747,-0.0159988
600,22173.1,22736.5,563.336,-0.0203889,-0.00322511,-0.015938,-0.0256383,-0.000784747,-0.0159988
601,22174.1,22737.5,563.336,-0.0203552,-0.00328673,-0.0159796,-0.0256383,-0.000784747,-0.0159988
602,22175.1,22738.5,563.336,-0.0203552,-0.00328673,-0.0159796,-0.0256383,-0.000784747,-0.0159988
603,22176.1,22739.5,563.336,-0.0203566,-0.00334758,-0.0159796,-0.0256383,-0.000784747,-0.0159988
604,22177.1,22740.5,563.336,-0.0203579,-0.00340844,-0.0159796,-0.0256383,-0.000784747,-0.0159988
605,22178.1,22741.5,563.336,-0.0204089,-0.00340726,-0.0159983,-0.0256383,-0.000784747,-0.0159988
606,22179.1,22742.5,563.336,-0.0204104,-0.00346809,-0.0159983,-0.0256383,-0.000784747,-0.0159988
607,22180.1,22743.5,563.336,-0.0203768,-0.00352976,-0.01604,-0.0256383,-0.000784747,-0.0159988
608,22181.1,22744.5,563.336,-0.0203768,-0.00352976,-0.01604,-0.0256383,-0.000784747,-0.0159988
609,22182.1,22745.5,563.334,-0.0203768,-0.00352976,-0.01604,-0.0256383,-0.000784747,-0.0159988
610,22183.1,22746.5,563.335,-0.0203782,-0.00359061,-0.01604,-0.0256383,-0.000784747,-0.0159988
611,22184.1,22747.5,563.334,-0.0203797,-0.00365145,-0.01604,-0.0256383,-0.000784747,-0.0159988
612,22185.1,22748.5,563.313,-0.0203797,-0.00365145,-0.01604,-0.0256383,-0.000784747,-0.0159988
613,22186.1,22749.5,563.31,-0.0203813,-0.0037123,-0.01604,-0.0256383,-0.000784747,-0.0159988
614,22187.1,22750.5,563.315,-0.0204338,-0.00377184,-0.0160587,-0.0256383,-0.000784747,-0.0159988
615,22188.1,22751.5,563.315,-0.0204004,-0.00383357,-0.0161003,-0.0256383,-0.000784747,-0.0159988
616,22189.1,22752.5,563.315,-0.020402,-0.00389441,-0.0161003,-0.0256383,-0.000784747,-0.0159988
617,22190.1,22753.5,563.315,-0.020402,-0.00389441,-0.0161003,-0.0256383,-0.000784747,-0.0159988
618,22191.1,22754.5,563.315,-0.0203686,-0.00395618,-0.016142,-0.0256383,-0.000784747,-0.0159988
619,22192.1,22755.5,563.315,-0.0203702,-0.00401703,-0.016142,-0.0256383,-0.000784747,-0.0159988
620,22193.1,22756.5,563.315,-0.0203719,-0.00407788,-0.016142,-0.0256383,-0.000784747,-0.0159988
621,22194.1,22757.5,563.315,-0.0203736,-0.00413872,-0.016142,-0.0256383,-0.000784747,-0.0159988
622,22195.1,22758.5,563.315,-0.0203736,-0.00413872,-0.016142,-0.0256383,-0.000784747,-0.0159988
623,22196.1,22759.5,563.315,-0.0204263,-0.00419812,-0.0161607,-0.0256383,-0.000784747,-0.0159988
624,22197.1,22760.5,563.314,-0.0204263,-0.00419812,-0.0161607,-0.0256383,-0.000784747,-0.0159988
625,22198.2,22761.5,563.272,-0.0203931,-0.00425996,-0.0162024,-0.0256383,-0.000784747,-0.0159988
626,22199.2,22762.5,563.272,-0.0203949,-0.0043208,-0.0162024,-0.0256383,-0.000784747,-0.0159988
627,22200.2,22763.5,563.272,-0.0203966,-0.00438163,-0.0162024,-0.0256383,-0.000784747,-0.0159988
628,22201.2,22764.5,563.267,-0.0203966,-0.00438163,-0.0162024,-0.0256383,-0.000784747,-0.0159988
629,22202.2,22765.5,563.278,-0.0203985,-0.00444247,-0.0162024,-0.0256383,-0.000784747,-0.0159988
630,22203.2,22766.5,563.275,-0.0203654,-0.00450437,-0.0162441,-0.0256383,-0.000784747,-0.0159988
631,22204.2,22767.5,563.284,-0.0204201,-0.00462448,-0.0162628,-0.0256383,-0.000784747,-0.0159988
632,22205.2,22768.5,563.285,-0.0204201,-0.00462448,-0.0162628,-0.0256383,-0.000784747,-0.0159988
633,22206.2,22769.5,563.285,-0.020422,-0.00468531,-0.0162628,-0.0256383,-0.000784747,-0.0159988
634,22207.2,22770.5,563.285,-0.0203891,-0.00474725,-0.0163045,-0.0256383,-0.000784747,-0.0159988
635,22208.2,22771.5,563.285,-0.020391,-0.0048081,-0.0163045,-0.0256383,-0.000784747,-0.0159988
636,22209.2,22772.5,563.285,-0.020444,-0.00486726,-0.0163231,-0.0256383,-0.000784747,-0.0159988
637,22210.2,22773.5,563.285,-0.0204461,-0.00492808,-0.0163231,-0.0256383,-0.000784747,-0.0159988
638,22211.2,22774.5,563.285,-0.0204132,-0.00499007,-0.0163649,-0.0256383,-0.000784747,-0.0159988
639,22212.2,22775.5,563.284,-0.0204153,-0.0050509,-0.0163649,-0.0256383,-0.000784747,-0.0159988
640,22213.2,22776.5,563.284,-0.0204153,-0.0050509,-0.0163649,-0.0256383,-0.000784747,-0.0159988
641,22214.2,22777.5,563.283,-0.0204173,-0.00511173,-0.0163649,-0.0256383,-0.000784747,-0.0159988
642,22215.2,22778.5,563.284,-0.0204684,-0.00510997,-0.0163835,-0.0256383,-0.000784747,-0.0159988
643,22216.2,22779.5,563.293,-0.0204705,-0.00517078,-0.0163835,-0.0256383,-0.000784747,-0.0159988
644,22217.2,22780.5,563.287,-0.0204377,-0.00523282,-0.0164252,-0.0256383,-0.000784747,-0.0159988
645,22218.2,22781.6,563.395,-0.0204399,-0.00529364,-0.0164252,-0.0256383,-0.000784747,-0.0159988
646,22219.2,22782.9,563.712,-0.0204443,-0.00541528,-0.0164252,-0.0256383,-0.000784747,-0.0159988
647,22220.2,22783.9,563.713,-0.0204117,-0.00547739,-0.016467,-0.0256383,-0.000784747,-0.0159988
648,22221.2,22784.9,563.713,-0.020465,-0.00553631,-0.0164856,-0.0256383,-0.000784747,-0.0159988
649,22222.2,22785.9,563.713,-0.0204673,-0.00559712,-0.0164856,-0.0256383,-0.000784747,-0.0159988
650,22223.2,22786.9,563.713,-0.0204696,-0.00565793,-0.0164856,-0.0256383,-0.000784747,-0.0159988
651,22224.2,22787.9,563.713,-0.0204719,-0.00571873,-0.0164856,-0.0256383,-0.000784747,-0.0159988
652,22225.2,22788.9,563.713,-0.0205253,-0.00577755,-0.0165042,-0.0256383,-0.000784747,-0.0159988
653,22226.2,22789.9,563.713,-0.0204929,-0.00583971,-0.0165459,-0.0256383,-0.000784747,-0.0159988
654,22227.2,22790.9,563.713,-0.0204953,-0.00590051,-0.0165459,-0.0256383,-0.000784747,-0.0159988
655,22228.2,22791.9,563.713,-0.0204977,-0.0059613,-0.0165459,-0.0256383,-0.000784747,-0.0159988
656,22229.2,22792.9,563.713,-0.0204654,-0.00602352,-0.0165877,-0.0256383,-0.000784747,-0.0159988
657,22230.2,22793.9,563.712,-0.0205189,-0.00608223,-0.0166063,-0.0256383,-0.000784747,-0.0159988
658,22231.2,22794.9,563.712,-0.0205189,-0.00608223,-0.0166063,-0.0256383,-0.000784747,-0.0159988
659,22232.2,22795.9,563.712,-0.0205214,-0.00614302,-0.0166063,-0.0256383,-0.000784747,-0.0159988
660,22233.2,22796.9,563.712,-0.0205427,-0.0062639,-0.0166666,-0.0256383,-0.000784747,-0.0159988
661,22234.2,22797.9,563.713,-0.0205427,-0.0062639,-0.0166666,-0.0256383,-0.000784747,-0.0159988
662,22235.2,22798.9,563.713,-0.0205479,-0.00638545,-0.0166666,-0.0256383,-0.000784747,-0.0159988
663,22236.2,22799.9,563.713,-0.0205506,-0.00644623,-0.0166666,-0.0256383,-0.000784747,-0.0159988
664,22237.2,22800.9,563.714,-0.0205184,-0.00650853,-0.0167084,-0.0256383,-0.000784747,-0.0159988
665,22238.2,22801.9,563.715,-0.0205722,-0.00656705,-0.016727,-0.0256383,-0.000784747,-0.0159988
666,22239.2,22802.9,563.715,-0.0205776,-0.00668858,-0.016727,-0.0256383,-0.000784747,-0.0159988
667,22240.2,22803.9,563.715,-0.0205804,-0.00674935,-0.016727,-0.0256383,-0.000784747,-0.0159988
668,22241.2,22804.9,563.715,-0.0205484,-0.00681171,-0.0167688,-0.0256383,-0.000784747,-0.0159988
669,22242.2,22805.9,563.715,-0.0206023,-0.00687011,-0.0167873,-0.0256383,-0.000784747,-0.0159988
670,22243.2,22806.9,563.715,-0.0206051,-0.00693087,-0.0167873,-0.0256383,-0.000784747,-0.0159988
671,22244.2,22807.9,563.715,-0.0205761,-0.00705403,-0.0168291,-0.0256383,-0.000784747,-0.0159988
672,22245.2,22808.9,563.715,-0.0206301,-0.00711233,-0.0168476,-0.0256383,-0.000784747,-0.0159988
673,22246.2,22809.9,563.715,-0.0206301,-0.00711233,-0.0168476,-0.0256383,-0.000784747,-0.0159988
674,22247.2,22810.9,563.714,-0.020633,-0.00717308,-0.0168476,-0.0256383,-0.000784747,-0.0159988
675,22248.2,22811.9,563.714,-0.0206012,-0.00723552,-0.0168895,-0.0256383,-0.000784747,-0.0159988
676,22249.2,22812.9,563.711,-0.0206553,-0.00729375,-0.0169079,-0.0256383,-0.000784747,-0.0159988
677,22250.2,22813.9,563.713,-0.0206613,-0.00741521,-0.0169079,-0.0256383,-0.000784747,-0.0159988
678,22251.2,22814.9,563.713,-0.0206838,-0.00753583,-0.0169682,-0.0256383,-0.000784747,-0.0159988
679,22252.2,22815.9,563.713,-0.0206901,-0.00765727,-0.0169682,-0.0256383,-0.000784747,-0.0159988
680,22253.2,22816.9,563.713,-0.0206932,-0.00771799,-0.0169682,-0.0256383,-0.000784747,-0.0159988
681,22254.2,22817.9,563.713,-0.0207128,-0.00777784,-0.0170285,-0.0256383,-0.000784747,-0.0159988
682,22255.2,22818.9,563.714,-0.0207192,-0.00789925,-0.0170285,-0.0256383,-0.000784747,-0.0159988
683,22256.2,22819.9,563.714,-0.0206878,-0.00796183,-0.0170704,-0.0256383,-0.000784747,-0.0159988
684,22257.2,22820.9,563.714,-0.0207422,-0.00801977,-0.0170888,-0.0256383,-0.000784747,-0.0159988
685,22258.2,22821.9,563.714,-0.0207488,-0.00814116,-0.0170888,-0.0256383,-0.000784747,-0.0159988
686,22259.2,22822.9,563.714,-0.0207686,-0.00820094,-0.0171491,-0.0256383,-0.000784747,-0.0159988
687,22260.2,22823.9,563.714,-0.0207754,-0.00832231,-0.0171491,-0.0256383,-0.000784747,-0.0159988
688,22261.2,22824.9,563.714,-0.0207442,-0.00838496,-0.0171911,-0.0256383,-0.000784747,-0.0159988
689,22262.2,22825.9,563.713,-0.0208022,-0.0085034,-0.0172094,-0.0256383,-0.000784747,-0.0159988
690,22263.2,22826.9,563.712,-0.0208022,-0.0085034,-0.0172094,-0.0256383,-0.000784747,-0.0159988
691,22264.2,22827.9,563.712,-0.0208057,-0.00856407,-0.0172094,-0.0256383,-0.000784747,-0.0159988
692,22265.2,22828.9,563.712,-0.0208293,-0.00868444,-0.0172697,-0.0256383,-0.000784747,-0.0159988
693,22266.6,22829.9,563.321,-0.0208329,-0.0087451,-0.0172697,-0.0256383,-0.000784747,-0.0159988
694,22267.6,22831,563.354,-0.0208055,-0.0088685,-0.0173116,-0.0256383,-0.000784747,-0.0159988
695,22268.8,22832,563.184,-0.0208879,-0.00910699,-0.0173902,-0.0256383,-0.000784747,-0.0159988
696,22269.8,22833,563.184,-0.0208954,-0.00922826,-0.0173902,-0.0256383,-0.000784747,-0.0159988
697,22270.8,22834,563.184,-0.0208685,-0.00935171,-0.0174322,-0.0256383,-0.000784747,-0.0159988
698,22271.8,22835,563.184,-0.0209235,-0.0094091,-0.0174505,-0.0256383,-0.000784747,-0.0159988
699,22272.8,22836,563.183,-0.0209235,-0.0094091,-0.0174505,-0.0256383,-0.000784747,-0.0159988
700,22273.8,22837,563.183,-0.0208967,-0.00953257,-0.0174925,-0.0256383,-0.000784747,-0.0159988
701,22274.8,22838,563.183,-0.0209557,-0.00965049,-0.0175107,-0.0256383,-0.000784747,-0.0159988
702,22275.8,22839,563.183,-0.0209292,-0.00977399,-0.0175527,-0.0256383,-0.000784747,-0.0159988
703,22276.8,22840,563.183,-0.0209843,-0.0098312,-0.017571,-0.0256383,-0.000784747,-0.0159988
704,22277.8,22841,563.183,-0.0210173,-0.0100724,-0.0176312,-0.0256383,-0.000784747,-0.0159988
705,22278.8,22842,563.182,-0.0209911,-0.010196,-0.0176732,-0.0256383,-0.000784747,-0.0159988
706,22279.8,22843,563.182,-0.0209911,-0.010196,-0.0176732,-0.0256383,-0.000784747,-0.0159988
707,22280.8,22844,563.182,-0.0209996,-0.0103172,-0.0176732,-0.0256383,-0.000784747,-0.0159988
708,22281.8,22845,563.182,-0.0209946,-0.0105002,-0.0177756,-0.0256383,-0.000784747,-0.0159988
709,22282.8,22846,563.182,-0.0209946,-0.0105002,-0.0177756,-0.0256383,-0.000784747,-0.0159988
710,22283.8,22847,563.181,-0.0210588,-0.0106783,-0.0177937,-0.0256383,-0.000784747,-0.0159988
711,22284.8,22848,563.19,-0.0210422,-0.0109231,-0.0178358,-0.0256383,-0.000784747,-0.0159988
712,22285.8,22849,563.191,-0.0210634,-0.0109824,-0.017896,-0.0256383,-0.000784747,-0.0159988
713,22286.8,22850,563.191,-0.0211281,-0.0111602,-0.0179142,-0.0256383,-0.000784747,-0.0159988
714,22287.8,22851,563.191,-0.0210983,-0.0112234,-0.0179563,-0.0256383,-0.000784747,-0.0159988
715,22288.8,22852,563.192,-0.021078,-0.0114077,-0.0179984,-0.0256383,-0.000784747,-0.0159988
716,22289.8,22853,563.192,-0.0211385,-0.0115248,-0.0180165,-0.0256383,-0.000784747,-0.0159988
717,22290.8,22854,563.192,-0.0211137,-0.0116485,-0.0180587,-0.0256383,-0.000784747,-0.0159988
718,22291.8,22855,563.192,-0.0211137,-0.0116485,-0.0180587,-0.0256383,-0.000784747,-0.0159988
719,22292.8,22856,563.192,-0.0211498,-0.0118893,-0.0181189,-0.0256383,-0.000784747,-0.0159988
720,22293.8,22857,563.192,-0.0211254,-0.0120132,-0.0181611,-0.0256383,-0.000784747,-0.0159988
721,22294.8,22858,563.192,-0.0211572,-0.0121934,-0.0182213,-0.0256383,-0.000784747,-0.0159988
722,22295.8,22859,563.192,-0.0211672,-0.0123145,-0.0182213,-0.0256383,-0.000784747,-0.0159988
723,22296.8,22860,563.192,-0.0211943,-0.0124341,-0.0182815,-0.0256383,-0.000784747,-0.0159988
724,22297.8,22861,563.192,-0.0211943,-0.0124341,-0.0182815,-0.0256383,-0.000784747,-0.0159988
725,22298.8,22862,563.175,-0.0211859,-0.0127396,-0.0183238,-0.0256383,-0.000784747,-0.0159988
726,22299.8,22863,563.175,-0.0211859,-0.0127396,-0.0183238,-0.0256383,-0.000784747,-0.0159988
727,22300.8,22864,563.175,-0.0212293,-0.0130406,-0.018384,-0.0256383,-0.000784747,-0.0159988
728,22301.8,22865,563.176,-0.021257,-0.0131601,-0.0184442,-0.0256383,-0.000784747,-0.0159988
729,22302.8,22866,563.178,-0.0212392,-0.0133446,-0.0184865,-0.0256383,-0.000784747,-0.0159988
730,22303.8,22867,563.179,-0.0212502,-0.0134656,-0.0184865,-0.0256383,-0.000784747,-0.0159988
731,22304.8,22868,563.179,-0.0212839,-0.0136455,-0.0185467,-0.0256383,-0.000784747,-0.0159988
732,22305.8,22869,563.179,-0.0212611,-0.0137696,-0.018589,-0.0256383,-0.000784747,-0.0159988
733,22306.8,22870,563.179,-0.0212441,-0.0139543,-0.0186313,-0.0256383,-0.000784747,-0.0159988
734,22307.8,22871,563.179,-0.0213067,-0.0140704,-0.0186493,-0.0256383,-0.000784747,-0.0159988
735,22308.8,22872,563.184,-0.0213067,-0.0140704,-0.0186493,-0.0256383,-0.000784747,-0.0159988
736,22309.8,22873,563.184,-0.0212737,-0.0144398,-0.0187339,-0.0256383,-0.000784747,-0.0159988
737,22310.8,22874,563.184,-0.0212857,-0.0145607,-0.0187339,-0.0256383,-0.000784747,-0.0159988
738,22311.8,22875,563.184,-0.0213208,-0.0147404,-0.0187942,-0.0256383,-0.000784747,-0.0159988
739,22312.8,22876,563.184,-0.0213051,-0.0149253,-0.0188365,-0.0256383,-0.000784747,-0.0159988
740,22313.8,22877,563.184,-0.0213236,-0.0151066,-0.0188365,-0.0256383,-0.000784747,-0.0159988
741,22314.8,22878,563.184,-0.0213236,-0.0151066,-0.0188365,-0.0256383,-0.000784747,-0.0159988
742,22315.8,22879,563.183,-0.0213445,-0.0154711,-0.0189392,-0.0256383,-0.000784747,-0.0159988
743,22316.8,22880,563.183,-0.0213636,-0.0156524,-0.0189392,-0.0256383,-0.000784747,-0.0159988
744,22317.8,22881,563.183,-0.0213636,-0.0156524,-0.0189392,-0.0256383,-0.000784747,-0.0159988
745,22318.8,22882,563.183,-0.0213349,-0.0160224,-0.019024,-0.0256383,-0.000784747,-0.0159988
746,22319.8,22883,563.183,-0.0213548,-0.0162038,-0.019024,-0.0256383,-0.000784747,-0.0159988
747,22320.8,22884,563.183,-0.021341,-0.0163889,-0.0190664,-0.0256383,-0.000784747,-0.0159988
748,22321.8,22885,563.184,-0.0213785,-0.0165683,-0.0191267,-0.0256383,-0.000784747,-0.0159988
749,22322.8,22886,563.184,-0.0213991,-0.0167496,-0.0191267,-0.0256383,-0.000784747,-0.0159988
750,22323.8,22887,563.184,-0.021386,-0.0169347,-0.0191692,-0.0256383,-0.000784747,-0.0159988
751,22324.8,22888,563.184,-0.0214141,-0.0171764,-0.0191692,-0.0256383,-0.000784747,-0.0159988
752,22325.8,22889,563.184,-0.0214016,-0.0173617,-0.0192116,-0.0256383,-0.000784747,-0.0159988
753,22326.8,22890,563.184,-0.0213893,-0.017547,-0.0192541,-0.0256383,-0.000784747,-0.0159988
754,22327.8,22891,563.184,-0.0214184,-0.0177887,-0.0192541,-0.0256383,-0.000784747,-0.0159988
755,22328.8,22892,563.185,-0.0214067,-0.017974,-0.0192966,-0.0256383,-0.000784747,-0.0159988
756,22329.8,22893,563.184,-0.021429,-0.0181553,-0.0192966,-0.0256383,-0.000784747,-0.0159988
757,22330.8,22894,563.183,-0.0214254,-0.0184011,-0.0193391,-0.0256383,-0.000784747,-0.0159988
758,22331.8,22895,563.182,-0.0214254,-0.0184011,-0.0193391,-0.0256383,-0.000784747,-0.0159988
759,22332.8,22896,563.184,-0.0214145,-0.0185866,-0.0193816,-0.0256383,-0.000784747,-0.0159988
760,22333.8,22897,563.183,-0.0214428,-0.0190743,-0.0194241,-0.0256383,-0.000784747,-0.0159988
761,22334.8,22898,563.183,-0.0214428,-0.0190743,-0.0194241,-0.0256383,-0.000784747,-0.0159988
762,22335.8,22899,563.183,-0.0214647,-0.0195015,-0.0194667,-0.0256383,-0.000784747,-0.0159988
763,22336.8,22900.1,563.252,-0.0214552,-0.0196872,-0.0195093,-0.0256383,-0.000784747,-0.0159988
764,22337.8,22901.1,563.252,-0.0214542,-0.0199333,-0.0195518,-0.0256383,-0.000784747,-0.0159988
765,22338.8,22902.3,563.451,-0.0214872,-0.0201749,-0.0195518,-0.0256383,-0.000784747,-0.0159988
766,22339.8,22903.3,563.458,-0.0214871,-0.0204211,-0.0195944,-0.0256383,-0.000784747,-0.0159988
767,22340.8,22904.3,563.451,-0.0215208,-0.0206626,-0.0195944,-0.0256383,-0.000784747,-0.0159988
768,22341.8,22905.3,563.451,-0.0215215,-0.0209089,-0.019637,-0.0256383,-0.000784747,-0.0159988
769,22342.8,22906.3,563.451,-0.0215226,-0.0211552,-0.0196796,-0.0256383,-0.000784747,-0.0159988
770,22343.8,22907.3,563.451,-0.0215576,-0.0213967,-0.0196796,-0.0256383,-0.000784747,-0.0159988
771,22344.8,22908.3,563.451,-0.0215088,-0.0216505,-0.0197044,-0.0256383,-0.000784747,-0.0159988
772,22345.8,22909.3,563.451,-0.0215112,-0.021897,-0.019747,-0.0256383,-0.000784747,-0.0159988
773,22346.8,22910.3,563.451,-0.0215474,-0.0221385,-0.019747,-0.0256383,-0.000784747,-0.0159988
774,22347.8,22911.3,563.451,-0.0215506,-0.022385,-0.0197897,-0.0256383,-0.000784747,-0.0159988
775,22348.8,22912.3,563.45,-0.0215506,-0.022385,-0.0197897,-0.0256383,-0.000784747,-0.0159988
776,22349.8,22913.3,563.448,-0.0215543,-0.0226315,-0.0198323,-0.0256383,-0.000784747,-0.0159988
777,22350.8,22914.3,563.421,-0.0215455,-0.0231276,-0.0198571,-0.0256383,-0.000784747,-0.0159988
778,22351.8,22915.3,563.422,-0.0215504,-0.0233743,-0.0198998,-0.0256383,-0.000784747,-0.0159988
779,22352.8,22916.3,563.422,-0.0215655,-0.0236814,-0.0199425,-0.0256383,-0.000784747,-0.0159988
780,22353.8,22917.3,563.426,-0.0216047,-0.0239228,-0.0199425,-0.0256383,-0.000784747,-0.0159988
781,22354.8,22918.3,563.425,-0.021611,-0.0241696,-0.0199852,-0.0256383,-0.000784747,-0.0159988
782,22355.8,22919.3,563.425,-0.0215671,-0.0244249,-0.02001,-0.0256383,-0.000784747,-0.0159988
783,22356.8,22920.3,563.425,-0.0215845,-0.0247322,-0.0200528,-0.0256383,-0.000784747,-0.0159988
784,22357.8,22921.3,563.425,-0.0216253,-0.0249736,-0.0200528,-0.0256383,-0.000784747,-0.0159988
785,22358.8,22922.3,563.425,-0.0215933,-0.0252896,-0.0200776,-0.0256383,-0.000784747,-0.0159988
786,22359.8,22923.3,563.425,-0.021602,-0.0255367,-0.0201204,-0.0256383,-0.000784747,-0.0159988
787,22360.8,22924.3,563.425,-0.0215712,-0.0258531,-0.0201452,-0.0256383,-0.000784747,-0.0159988
788,22361.8,22925.3,563.426,-0.0215808,-0.0261004,-0.020188,-0.0256383,-0.000784747,-0.0159988
789,22362.8,22926.3,563.425,-0.0215513,-0.0264171,-0.0202128,-0.0256383,-0.000784747,-0.0159988
790,22363.8,22927.3,563.425,-0.021595,-0.0266585,-0.0202128,-0.0256383,-0.000784747,-0.0159988
791,22364.8,22928.3,563.425,-0.0215337,-0.0269816,-0.0202805,-0.0256383,-0.000784747,-0.0159988
792,22365.8,22929.3,563.425,-0.0215453,-0.0272292,-0.0203233,-0.0256383,-0.000784747,-0.0159988
793,22366.8,22930.3,563.425,-0.0215453,-0.0272292,-0.0203233,-0.0256383,-0.000784747,-0.0159988
794,22367.8,22931.3,563.45,-0.0215752,-0.0278484,-0.0203482,-0.0256383,-0.000784747,-0.0159988
795,22368.8,22932.3,563.45,-0.0215167,-0.0281724,-0.0204159,-0.0256383,-0.000784747,-0.0159988
796,22369.8,22933.3,563.45,-0.0215304,-0.0284202,-0.0204588,-0.0256383,-0.000784747,-0.0159988
797,22370.8,22934.3,563.451,-0.0215061,-0.0287383,-0.0204837,-0.0256383,-0.000784747,-0.0159988
798,22371.8,22935.3,563.45,-0.0214824,-0.0290565,-0.0205085,-0.0256383,-0.000784747,-0.0159988
799,22372.8,22936.3,563.451,-0.0214977,-0.0293046,-0.0205515,-0.0256383,-0.000784747,-0.0159988
800,22373.8,22937.3,563.451,-0.0214753,-0.0296232,-0.0205763,-0.0256383,-0.000784747,-0.0159988
801,22374.8,22938.3,563.451,-0.0215038,-0.0299318,-0.0206193,-0.0256383,-0.000784747,-0.0159988
802,22375.8,22939.3,563.451,-0.0214829,-0.0302507,-0.0206442,-0.0256383,-0.000784747,-0.0159988
803,22376.8,22940.3,563.451,-0.0214626,-0.0305698,-0.020669,-0.0256383,-0.000784747,-0.0159988
804,22377.8,22941.3,563.451,-0.0214606,-0.0308854,-0.0207551,-0.0256383,-0.000784747,-0.0159988
805,22378.8,22942.3,563.451,-0.021429,-0.0311445,-0.0207799,-0.0256383,-0.000784747,-0.0159988
806,22379.8,22943.3,563.451,-0.0214107,-0.0314642,-0.0208048,-0.0256383,-0.000784747,-0.0159988
807,22380.8,22944.3,563.449,-0.0213607,-0.0317911,-0.0208727,-0.0256383,-0.000784747,-0.0159988
808,22381.8,22945.3,563.449,-0.021394,-0.0321003,-0.0209158,-0.0256383,-0.000784747,-0.0159988
809,22382.8,22946.3,563.448,-0.021394,-0.0321003,-0.0209158,-0.0256383,-0.000784747,-0.0159988
810,22383.8,22947.3,563.448,-0.0213779,-0.0324206,-0.0209407,-0.0256383,-0.000784747,-0.0159988
811,22384.8,22948.3,563.449,-0.0213156,-0.0330689,-0.0210336,-0.0256383,-0.000784747,-0.0159988
812,22385.8,22949.3,563.449,-0.0213017,-0.0333898,-0.0210585,-0.0256383,-0.000784747,-0.0159988
813,22386.8,22950.3,563.449,-0.0213062,-0.0337069,-0.0211448,-0.0256383,-0.000784747,-0.0159988
814,22387.8,22951.3,563.449,-0.0213062,-0.0337069,-0.0211448,-0.0256383,-0.000784747,-0.0159988
815,22388.8,22952.3,563.448,-0.021282,-0.0343495,-0.0211946,-0.0256383,-0.000784747,-0.0159988
816,22389.8,22953.3,563.448,-0.0212389,-0.0346787,-0.0212627,-0.0256383,-0.000784747,-0.0159988
817,22390.8,22954.3,563.448,-0.0212287,-0.0350006,-0.0212876,-0.0256383,-0.000784747,-0.0159988
818,22391.8,22955.3,563.448,-0.0211871,-0.0353303,-0.0213558,-0.0256383,-0.000784747,-0.0159988
819,22392.8,22956.3,563.448,-0.0211931,-0.0357131,-0.0213806,-0.0256383,-0.000784747,-0.0159988
820,22393.8,22957.3,563.448,-0.0211532,-0.0360434,-0.0214488,-0.0256383,-0.000784747,-0.0159988
821,22394.8,22958.3,563.448,-0.0211461,-0.0363661,-0.0214737,-0.0256383,-0.000784747,-0.0159988
822,22395.8,22959.3,563.448,-0.0211079,-0.0366969,-0.0215419,-0.0256383,-0.000784747,-0.0159988
823,22396.8,22960.3,563.448,-0.0211175,-0.0370806,-0.0215668,-0.0256383,-0.000784747,-0.0159988
824,22397.8,22961.3,563.447,-0.0211175,-0.0370806,-0.0215668,-0.0256383,-0.000784747,-0.0159988
825,22398.8,22962.3,563.446,-0.0210452,-0.0377436,-0.0217034,-0.0256383,-0.000784747,-0.0159988
826,22399.8,22963.3,563.447,-0.021042,-0.0380673,-0.0217283,-0.0256383,-0.000784747,-0.0159988
827,22400.8,22964.3,563.446,-0.021042,-0.0380673,-0.0217283,-0.0256383,-0.000784747,-0.0159988
828,22401.8,22965.3,563.459,-0.0209567,-0.0387366,-0.0218029,-0.0256383,-0.000784747,-0.0159988
829,22402.8,22966.4,563.565,-0.0209242,-0.0390693,-0.0218712,-0.0256383,-0.000784747,-0.0159988
830,22403.8,22967.4,563.565,-0.0209242,-0.0390693,-0.0218712,-0.0256383,-0.000784747,-0.0159988
831,22404.8,22968.4,563.565,-0.0209402,-0.0394546,-0.0218961,-0.0256383,-0.000784747,-0.0159988
832,22405.8,22969.4,563.565,-0.0209095,-0.0397879,-0.0219645,-0.0256383,-0.000784747,-0.0159988
833,22406.8,22970.4,563.565,-0.0208617,-0.0401262,-0.0219706,-0.0256383,-0.000784747,-0.0159988
834,22407.8,22971.4,563.565,-0.0208042,-0.0407942,-0.0221075,-0.0256383,-0.000784747,-0.0159988
835,22408.8,22972.4,563.565,-0.0207589,-0.0411336,-0.0221135,-0.0256383,-0.000784747,-0.0159988
836,22409.8,22973.4,563.565,-0.0207322,-0.0414683,-0.0221819,-0.0256383,-0.000784747,-0.0159988
837,22410.8,22974.4,563.565,-0.0206745,-0.0418779,-0.0222315,-0.0256383,-0.000784747,-0.0159988
838,22411.8,22975.4,563.564,-0.0206808,-0.0422043,-0.0222563,-0.0256383,-0.000784747,-0.0159988
839,22412.8,22976.4,563.564,-0.0206567,-0.0425398,-0.0223249,-0.0256383,-0.000784747,-0.0159988
840,22413.8,22977.4,563.564,-0.0205846,-0.0428898,-0.0223744,-0.0256383,-0.000784747,-0.0159988
841,22415.2,22978.4,563.168,-0.0205846,-0.0428898,-0.0223744,-0.0256383,-0.000784747,-0.0159988
842,22416.3,22979.4,563.103,-0.0205932,-0.0432169,-0.0223992,-0.0256383,-0.000784747,-0.0159988
843,22417.3,22980.4,563.103,-0.0204969,-0.0437736,-0.0224735,-0.0256383,-0.000784747,-0.0159988
844,22418.3,22981.4,563.103,-0.0204894,-0.0440404,-0.0224982,-0.0256383,-0.000784747,-0.0159988
845,22419.3,22982.5,563.158,-0.0204881,-0.0444383,-0.0225668,-0.0256383,-0.000784747,-0.0159988
846,22420.3,22983.5,563.189,-0.0203852,-0.0451334,-0.0226219,-0.0256383,-0.000784747,-0.0159988
847,22421.3,22984.5,563.189,-0.020399,-0.0454619,-0.0226466,-0.0256383,-0.000784747,-0.0159988
848,22422.3,22985.5,563.189,-0.0203343,-0.045815,-0.0226959,-0.0256383,-0.000784747,-0.0159988
849,22423.3,22986.5,563.189,-0.0203497,-0.0461439,-0.0227206,-0.0256383,-0.000784747,-0.0159988
850,22424.3,22987.5,563.19,-0.0202868,-0.0464978,-0.02277,-0.0256383,-0.000784747,-0.0159988
851,22425.3,22988.5,563.189,-0.0202248,-0.046852,-0.0228193,-0.0256383,-0.000784747,-0.0159988
852,22426.3,22989.5,563.189,-0.0202248,-0.046852,-0.0228193,-0.0256383,-0.000784747,-0.0159988
853,22427.3,22990.5,563.189,-0.0201537,-0.047613,-0.0228737,-0.0256383,-0.000784747,-0.0159988
854,22428.3,22991.5,563.189,-0.0201249,-0.0479586,-0.0228789,-0.0256383,-0.000784747,-0.0159988
855,22429.3,22992.5,563.189,-0.0201149,-0.0482988,-0.0229475,-0.0256383,-0.000784747,-0.0159988
856,22430.3,22993.5,563.189,-0.0200879,-0.048645,-0.0229525,-0.0256383,-0.000784747,-0.0159988
857,22431.3,22994.5,563.189,-0.0200879,-0.048645,-0.0229525,-0.0256383,-0.000784747,-0.0159988
858,22432.3,22995.5,563.188,-0.0200315,-0.0490015,-0.0230016,-0.0256383,-0.000784747,-0.0159988
859,22433.3,22996.5,563.188,-0.0200061,-0.0493484,-0.0230065,-0.0256383,-0.000784747,-0.0159988
860,22434.5,22997.5,563.032,-0.0199515,-0.0497057,-0.0230555,-0.0256383,-0.000784747,-0.0159988
861,22435.5,22998.5,563.033,-0.0198752,-0.0504112,-0.0231092,-0.0256383,-0.000784747,-0.0159988
862,22436.5,23000,563.522,-0.0199012,-0.050743,-0.0231337,-0.0256383,-0.000784747,-0.0159988
863,22437.5,23001,563.522,-0.0198024,-0.0511181,-0.0231627,-0.0256383,-0.000784747,-0.0159988
864,22438.5,23002,563.522,-0.0198089,-0.0513893,-0.0231871,-0.0256383,-0.000784747,-0.0159988
865,22439.5,23003,563.522,-0.0197118,-0.0517653,-0.023216,-0.0256383,-0.000784747,-0.0159988
866,22440.5,23004,563.522,-0.019741,-0.0520979,-0.0232403,-0.0256383,-0.000784747,-0.0159988
867,22441.5,23005,563.522,-0.0196459,-0.0524748,-0.023269,-0.0256383,-0.000784747,-0.0159988
868,22442.5,23006,563.522,-0.0196292,-0.0528248,-0.0232733,-0.0256383,-0.000784747,-0.0159988
869,22443.5,23007,563.522,-0.0195836,-0.0531857,-0.0233219,-0.0256383,-0.000784747,-0.0159988
870,22444.5,23008,563.522,-0.0195686,-0.0535363,-0.023326,-0.0256383,-0.000784747,-0.0159988
871,22445.5,23009,563.522,-0.0195028,-0.0538367,-0.0233745,-0.0256383,-0.000784747,-0.0159988
872,22446.5,23010,563.522,-0.0195028,-0.0538367,-0.0233745,-0.0256383,-0.000784747,-0.0159988
873,22447.5,23011,563.522,-0.019442,-0.0542052,-0.0233583,-0.0256383,-0.000784747,-0.0159988
874,22448.5,23012,563.522,-0.019366,-0.0548581,-0.0234105,-0.0256383,-0.000784747,-0.0159988
875,22449.5,23013,563.521,-0.0193257,-0.0552211,-0.0234588,-0.0256383,-0.000784747,-0.0159988
876,22450.5,23014,563.521,-0.0193257,-0.0552211,-0.0234588,-0.0256383,-0.000784747,-0.0159988
877,22451.5,23015.2,563.773,-0.0192073,-0.0558936,-0.0234902,-0.0256383,-0.000784747,-0.0159988
878,22452.5,23016.2,563.773,-0.0191991,-0.0562467,-0.0234938,-0.0256383,-0.000784747,-0.0159988
879,22453.5,23017.2,563.774,-0.0190922,-0.0565676,-0.0235213,-0.0256383,-0.000784747,-0.0159988
880,22454.5,23018.5,564.035,-0.0190856,-0.0569213,-0.0235247,-0.0256383,-0.000784747,-0.0159988
881,22455.5,23019.5,564.034,-0.0190273,-0.057225,-0.0235726,-0.0256383,-0.000784747,-0.0159988
882,22456.5,23020.5,564.034,-0.0189755,-0.0575974,-0.0235552,-0.0256383,-0.000784747,-0.0159988
883,22457.5,23021.5,564.034,-0.0189187,-0.0579018,-0.023603,-0.0256383,-0.000784747,-0.0159988
884,22458.5,23022.5,564.034,-0.0188687,-0.0582749,-0.0235853,-0.0256383,-0.000784747,-0.0159988
885,22459.5,23023.5,564.034,-0.0188133,-0.05858,-0.023633,-0.0256383,-0.000784747,-0.0159988
886,22460.5,23024.5,564.034,-0.0187409,-0.0588924,-0.023615,-0.0256383,-0.000784747,-0.0159988
887,22461.5,23025.6,564.082,-0.0187114,-0.0592597,-0.0236625,-0.0256383,-0.000784747,-0.0159988
888,22462.5,23026.6,564.082,-0.0186405,-0.0595728,-0.0236443,-0.0256383,-0.000784747,-0.0159988
889,22463.5,23027.6,564.082,-0.0186169,-0.0598677,-0.023647,-0.0256383,-0.000784747,-0.0159988
890,22464.5,23028.6,564.078,-0.0185651,-0.0601743,-0.0236943,-0.0256383,-0.000784747,-0.0159988
891,22465.5,23029.6,564.079,-0.0184676,-0.0605,-0.0237205,-0.0256383,-0.000784747,-0.0159988
892,22466.5,23030.6,564.079,-0.0184709,-0.0608573,-0.023723,-0.0256383,-0.000784747,-0.0159988
893,22467.5,23031.6,564.076,-0.0184709,-0.0608573,-0.023723,-0.0256383,-0.000784747,-0.0159988
894,22468.6,23032.6,563.918,-0.0183751,-0.0611837,-0.0237489,-0.0256383,-0.000784747,-0.0159988
895,22469.6,23033.6,563.918,-0.0183549,-0.0614799,-0.0237512,-0.0256383,-0.000784747,-0.0159988
896,22470.6,23034.6,563.92,-0.0183068,-0.0617881,-0.0237982,-0.0256383,-0.000784747,-0.0159988
897,22471.6,23035.6,563.921,-0.0182416,-0.0621039,-0.023779,-0.0256383,-0.000784747,-0.0159988
898,22472.6,23036.6,563.92,-0.0182233,-0.0624009,-0.023781,-0.0256383,-0.000784747,-0.0159988
899,22473.6,23037.6,563.92,-0.0181773,-0.0627099,-0.0238279,-0.0256383,-0.000784747,-0.0159988
900,22474.6,23038.6,563.919,-0.0181142,-0.0630266,-0.0238083,-0.0256383,-0.000784747,-0.0159988
901,22475.6,23039.6,563.919,-0.0180696,-0.0633362,-0.023855,-0.0256383,-0.000784747,-0.0159988
902,22476.6,23040.6,563.919,-0.0180278,-0.0635723,-0.0238568,-0.0256383,-0.000784747,-0.0159988
903,22477.6,23041.6,563.918,-0.0179385,-0.0639019,-0.0238818,-0.0256383,-0.000784747,-0.0159988
904,22478.6,23042.6,563.918,-0.017924,-0.0642004,-0.0238834,-0.0256383,-0.000784747,-0.0159988
905,22479.6,23043.6,563.918,-0.0178363,-0.0645307,-0.0239081,-0.0256383,-0.000784747,-0.0159988
906,22480.6,23044.6,563.918,-0.0178232,-0.0648296,-0.0239096,-0.0256383,-0.000784747,-0.0159988
907,22481.6,23045.6,563.917,-0.0177826,-0.0651409,-0.023956,-0.0256383,-0.000784747,-0.0159988
908,22482.6,23046.6,563.918,-0.0177439,-0.0653783,-0.0239573,-0.0256383,-0.000784747,-0.0159988
909,22483.6,23047.6,563.918,-0.0176869,-0.0656977,-0.0239365,-0.0256383,-0.000784747,-0.0159988
910,22484.6,23048.6,563.917,-0.0176484,-0.0660098,-0.0239827,-0.0256383,-0.000784747,-0.0159988
911,22485.6,23049.6,563.917,-0.0176111,-0.0662478,-0.0239838,-0.0256383,-0.000784747,-0.0159988
912,22486.6,23050.6,563.917,-0.0175196,-0.0668809,-0.0240087,-0.0256383,-0.000784747,-0.0159988
913,22487.6,23051.6,563.917,-0.0174838,-0.0671196,-0.0240096,-0.0256383,-0.000784747,-0.0159988
914,22488.6,23052.6,563.917,-0.0174208,-0.0673708,-0.0240555,-0.0256383,-0.000784747,-0.0159988
915,22489.6,23053.6,563.917,-0.0173684,-0.0676922,-0.0240339,-0.0256383,-0.000784747,-0.0159988
916,22490.6,23054.6,563.917,-0.017334,-0.0679315,-0.0240345,-0.0256383,-0.000784747,-0.0159988
917,22491.6,23055.6,563.917,-0.0173001,-0.0681709,-0.0240351,-0.0256383,-0.000784747,-0.0159988
918,22492.6,23056.6,563.917,-0.0172221,-0.0685056,-0.0240584,-0.0256383,-0.000784747,-0.0159988
919,22493.6,23057.6,563.917,-0.0171891,-0.0687454,-0.0240587,-0.0256383,-0.000784747,-0.0159988
920,22494.6,23058.6,563.917,-0.0171565,-0.0689854,-0.024059,-0.0256383,-0.000784747,-0.0159988
921,22495.6,23059.6,563.917,-0.017097,-0.0692382,-0.0241045,-0.0256383,-0.000784747,-0.0159988
922,22496.6,23060.6,563.917,-0.017097,-0.0692382,-0.0241045,-0.0256383,-0.000784747,-0.0159988
923,22497.6,23061.6,563.913,-0.017049,-0.0695614,-0.0240821,-0.0256383,-0.000784747,-0.0159988
924,22498.6,23062.6,563.914,-0.0170178,-0.069802,-0.0240822,-0.0256383,-0.000784747,-0.0159988
925,22499.6,23063.6,563.914,-0.016915,-0.0700761,-0.0241048,-0.0256383,-0.000784747,-0.0159988
926,22500.6,23064.6,563.913,-0.0168847,-0.0703171,-0.0241047,-0.0256383,-0.000784747,-0.0159988
927,22501.6,23065.7,564.006,-0.0168549,-0.0705582,-0.0241045,-0.0256383,-0.000784747,-0.0159988
928,22502.6,23066.8,564.201,-0.0167247,-0.0710746,-0.0241265,-0.0256383,-0.000784747,-0.0159988
929,22503.6,23067.8,564.201,-0.0166962,-0.0713163,-0.0241261,-0.0256383,-0.000784747,-0.0159988
930,22504.6,23069,564.399,-0.0166236,-0.0715791,-0.0241027,-0.0256383,-0.000784747,-0.0159988
931,22505.6,23070,564.399,-0.0165665,-0.0717588,-0.0241021,-0.0256383,-0.000784747,-0.0159988
932,22506.6,23071,564.399,-0.0165392,-0.0720009,-0.0241014,-0.0256383,-0.000784747,-0.0159988
933,22507.6,23072,564.399,-0.0165123,-0.0722433,-0.0241007,-0.0256383,-0.000784747,-0.0159988
934,22508.6,23073,564.399,-0.0164145,-0.0725198,-0.0241223,-0.0256383,-0.000784747,-0.0159988
935,22509.6,23074,564.399,-0.0163885,-0.0727625,-0.0241214,-0.0256383,-0.000784747,-0.0159988
936,22510.6,23075,564.399,-0.0163187,-0.0730266,-0.0240972,-0.0256383,-0.000784747,-0.0159988
937,22511.6,23076,564.399,-0.0162635,-0.0732071,-0.0240961,-0.0256383,-0.000784747,-0.0159988
938,22512.6,23077,564.399,-0.0162387,-0.0734503,-0.024095,-0.0256383,-0.000784747,-0.0159988
939,22513.6,23078,564.398,-0.0162387,-0.0734503,-0.024095,-0.0256383,-0.000784747,-0.0159988
940,22514.6,23079,564.398,-0.01616,-0.0738745,-0.0240926,-0.0256383,-0.000784747,-0.0159988
941,22515.6,23080,564.398,-0.01616,-0.0738745,-0.0240926,-0.0256383,-0.000784747,-0.0159988
942,22516.6,23081,564.398,-0.0160923,-0.0741396,-0.0240678,-0.0256383,-0.000784747,-0.0159988
943,22517.7,23082,564.383,-0.0160386,-0.0743208,-0.0240663,-0.0256383,-0.000784747,-0.0159988
944,22518.7,23083,564.382,-0.0159626,-0.0747462,-0.0240633,-0.0256383,-0.000784747,-0.0159988
945,22519.7,23084,564.382,-0.0159232,-0.0749989,-0.0239923,-0.0256383,-0.000784747,-0.0159988
946,22520.7,23085,564.383,-0.0158706,-0.0751806,-0.0239906,-0.0256383,-0.000784747,-0.0159988
947,22521.7,23086.2,564.512,-0.0158493,-0.0754251,-0.0239888,-0.0256383,-0.000784747,-0.0159988
948,22522.7,23087.2,564.512,-0.0157973,-0.0756071,-0.0239869,-0.0256383,-0.000784747,-0.0159988
949,22523.7,23088.2,564.512,-0.0157018,-0.0758108,-0.0239611,-0.0256383,-0.000784747,-0.0159988
950,22524.7,23089.2,564.512,-0.0156815,-0.0760558,-0.023959,-0.0256383,-0.000784747,-0.0159988
951,22525.7,23090.2,564.512,-0.0156304,-0.0762381,-0.0239569,-0.0256383,-0.000784747,-0.0159988
952,22526.7,23091.2,564.512,-0.0156059,-0.0764073,-0.023909,-0.0256383,-0.000784747,-0.0159988
953,22527.7,23092.2,564.512,-0.0155552,-0.0765899,-0.0239067,-0.0256383,-0.000784747,-0.0159988
954,22528.7,23093.2,564.512,-0.0154928,-0.0768572,-0.0238803,-0.0256383,-0.000784747,-0.0159988
955,22529.7,23094.2,564.512,-0.015469,-0.0770267,-0.0238321,-0.0256383,-0.000784747,-0.0159988
956,22530.7,23095.2,564.512,-0.0154192,-0.0772096,-0.0238296,-0.0256383,-0.000784747,-0.0159988
957,22531.7,23096.2,564.512,-0.0154192,-0.0772096,-0.0238296,-0.0256383,-0.000784747,-0.0159988
958,22532.7,23097.2,564.512,-0.0153696,-0.0773926,-0.023827,-0.0256383,-0.000784747,-0.0159988
959,22533.7,23098.2,564.512,-0.0153202,-0.0775757,-0.0238243,-0.0256383,-0.000784747,-0.0159988
960,22534.7,23099.2,564.512,-0.0152484,-0.0779289,-0.023773,-0.0256383,-0.000784747,-0.0159988
961,22535.7,23100.2,564.517,-0.0152319,-0.0781753,-0.0237701,-0.0256383,-0.000784747,-0.0159988
962,22536.7,23101.2,564.517,-0.0151776,-0.0782824,-0.0237214,-0.0256383,-0.000784747,-0.0159988
963,22537.7,23102.2,564.524,-0.0151185,-0.0785512,-0.0236939,-0.0256383,-0.000784747,-0.0159988
964,22538.7,23103.2,564.522,-0.0151138,-0.0787128,-0.0237153,-0.0256383,-0.000784747,-0.0159988
965,22539.7,23104.2,564.522,-0.0150492,-0.0789054,-0.0236418,-0.0256383,-0.000784747,-0.0159988
966,22540.7,23105.2,564.522,-0.0150125,-0.0790041,-0.0236631,-0.0256383,-0.000784747,-0.0159988
967,22541.7,23106.2,564.522,-0.0149809,-0.0792599,-0.0235894,-0.0256383,-0.000784747,-0.0159988
968,22542.7,23107.2,564.522,-0.0149014,-0.079381,-0.0235859,-0.0256383,-0.000784747,-0.0159988
969,22543.7,23108.2,564.522,-0.0148807,-0.0795517,-0.0235366,-0.0256383,-0.000784747,-0.0159988
970,22544.7,23109.2,564.522,-0.0148343,-0.079736,-0.023533,-0.0256383,-0.000784747,-0.0159988
971,22545.7,23110.2,564.523,-0.0148141,-0.0799069,-0.0234836,-0.0256383,-0.000784747,-0.0159988
972,22546.7,23111.2,564.523,-0.0147681,-0.0800914,-0.0234798,-0.0256383,-0.000784747,-0.0159988
973,22547.7,23112.2,564.522,-0.0147153,-0.0801993,-0.0234302,-0.0256383,-0.000784747,-0.0159988
974,22548.7,23113.2,564.523,-0.0146697,-0.080384,-0.0234263,-0.0256383,-0.000784747,-0.0159988
975,22549.7,23114.2,564.522,-0.0146503,-0.0805552,-0.0233765,-0.0256383,-0.000784747,-0.0159988
976,22550.7,23115.2,564.522,-0.0146503,-0.0805552,-0.0233765,-0.0256383,-0.000784747,-0.0159988
977,22551.7,23116.2,564.522,-0.014553,-0.0808482,-0.0233226,-0.0256383,-0.000784747,-0.0159988
978,22552.7,23117.2,564.524,-0.0145083,-0.0810333,-0.0233184,-0.0256383,-0.000784747,-0.0159988
979,22553.7,23118.2,564.525,-0.0144897,-0.0812048,-0.0232683,-0.0256383,-0.000784747,-0.0159988
980,22554.7,23119.2,564.526,-0.0144379,-0.0813131,-0.0232181,-0.0256383,-0.000784747,-0.0159988
981,22555.7,23120.2,564.526,-0.0143938,-0.0814984,-0.0232138,-0.0256383,-0.000784747,-0.0159988
982,22556.7,23121.2,564.526,-0.0143758,-0.0816701,-0.0231634,-0.0256383,-0.000784747,-0.0159988
983,22557.7,23122.2,564.526,-0.014358,-0.0818419,-0.023113,-0.0256383,-0.000784747,-0.0159988
984,22558.7,23123.2,564.526,-0.0142809,-0.0819641,-0.0231084,-0.0256383,-0.000784747,-0.0159988
985,22559.7,23124.2,564.526,-0.0142297,-0.0820727,-0.0230578,-0.0256383,-0.000784747,-0.0159988
986,22560.7,23125.2,564.526,-0.0142549,-0.082222,-0.0230325,-0.0256383,-0.000784747,-0.0159988
987,22561.7,23126.2,564.527,-0.0142039,-0.0823307,-0.0229818,-0.0256383,-0.000784747,-0.0159988
988,22562.7,23127.2,564.527,-0.0141612,-0.0825165,-0.0229769,-0.0256383,-0.000784747,-0.0159988
989,22563.7,23128.2,564.527,-0.0141612,-0.0825165,-0.0229769,-0.0256383,-0.000784747,-0.0159988
990,22564.7,23129.2,564.526,-0.0141105,-0.0826253,-0.0229261,-0.0256383,-0.000784747,-0.0159988
991,22565.7,23130.2,564.526,-0.0140682,-0.0828113,-0.0229211,-0.0256383,-0.000784747,-0.0159988
992,22566.7,23131.2,564.526,-0.0140518,-0.0829836,-0.0228701,-0.0256383,-0.000784747,-0.0159988
993,22567.7,23132.2,564.525,-0.0139513,-0.0832015,-0.0227678,-0.0256383,-0.000784747,-0.0159988
994,22568.7,23133.2,564.532,-0.0139519,-0.083365,-0.0227881,-0.0256383,-0.000784747,-0.0159988
995,22569.7,23134.2,564.531,-0.0139019,-0.0834741,-0.0227368,-0.0256383,-0.000784747,-0.0159988
996,22570.7,23135.2,564.535,-0.013852,-0.0835831,-0.0226855,-0.0256383,-0.000784747,-0.0159988
997,22571.7,23136.2,564.543,-0.013852,-0.0835831,-0.0226855,-0.0256383,-0.000784747,-0.0159988
998,22572.7,23137.2,564.543,-0.0138787,-0.083733,-0.0226598,-0.0256383,-0.000784747,-0.0159988
999,22573.7,23138.2,564.543,-0.013829,-0.0838422,-0.0226083,-0.0256383,-0.000784747,-0.0159988
1000,22574.7,23139.2,564.543,-0.0137884,-0.0840288,-0.0226027,-0.0256383,-0.000784747,-0.0159988
